Time [s],Value,Parity Error,Framing Error
0.814855000000000,i,,
0.814943000000000,V,,
0.815031000000000,B,,
0.815120000000000,O,,
0.815208000000000,R,,
0.815296000000000,w,,
0.815384000000000,0,,
0.815472000000000,K,,
0.815560000000000,G,,
0.815648000000000,g,,
0.815737000000000,o,,
0.815825000000000,A,,
0.815913000000000,A,,
0.816001000000000,A,,
0.816089000000000,A,,
0.816177000000000,N,,
0.816266000000000,S,,
0.816354000000000,U,,
0.816442000000000,h,,
0.816530000000000,E,,
0.816618000000000,U,,
0.816706000000000,g,,
0.816794000000000,A,,
0.816883000000000,A,,
0.816971000000000,A,,
0.817059000000000,q,,
0.817147000000000,s,,
0.817235000000000,A,,
0.817323000000000,A,,
0.817412000000000,A,,
0.817500000000000,G,,
0.817588000000000,A,,
0.817676000000000,C,,
0.817764000000000,A,,
0.817852000000000,M,,
0.817941000000000,A,,
0.818029000000000,A,,
0.818117000000000,A,,
0.818205000000000,C,,
0.818293000000000,9,,
0.818381000000000,R,,
0.818469000000000,t,,
0.818558000000000,u,,
0.818646000000000,r,,
0.818734000000000,A,,
0.818822000000000,A,,
0.818910000000000,A,,
0.818998000000000,C,,
0.819087000000000,Q,,
0.819175000000000,F,,
0.819263000000000,B,,
0.819351000000000,M,,
0.819439000000000,V,,
0.819527000000000,E,,
0.819615000000000,X,,
0.819704000000000,/,,
0.819792000000000,A,,
0.819880000000000,I,,
0.819968000000000,D,,
0.820056000000000,9,,
0.820144000000000,A,,
0.820233000000000,I,,
0.820321000000000,H,,
0.820409000000000,W,,
0.820497000000000,A,,
0.820585000000000,J,,
0.820673000000000,u,,
0.820762000000000,T,,
0.820850000000000,A,,
0.820938000000000,M,,
0.821026000000000,h,,
0.821114000000000,g,,
0.821202000000000,A,,
0.821290000000000,O,,
0.821379000000000,p,,
0.821467000000000,U,,
0.821555000000000,\r,,
0.821643000000000,\n,,
0.821731000000000,A,,
0.821819000000000,P,,
0.821908000000000,J,,
0.821996000000000,C,,
0.822084000000000,A,,
0.822172000000000,P,,
0.822260000000000,5,,
0.822348000000000,A,,
0.822436000000000,A,,
0.822525000000000,P,,
0.822613000000000,+,,
0.822701000000000,H,,
0.822789000000000,A,,
0.822877000000000,N,,
0.822965000000000,D,,
0.823054000000000,F,,
0.823142000000000,A,,
0.823230000000000,K,,
0.823318000000000,Z,,
0.823406000000000,x,,
0.823494000000000,A,,
0.823583000000000,N,,
0.823671000000000,7,,
0.823759000000000,2,,
0.823847000000000,A,,
0.823935000000000,I,,
0.824023000000000,a,,
0.824111000000000,n,,
0.824200000000000,A,,
0.824288000000000,L,,
0.824376000000000,u,,
0.824464000000000,x,,
0.824552000000000,A,,
0.824640000000000,L,,
0.824729000000000,T,,
0.824817000000000,R,,
0.824905000000000,A,,
0.824993000000000,J,,
0.825081000000000,5,,
0.825169000000000,K,,
0.825257000000000,A,,
0.825346000000000,P,,
0.825434000000000,i,,
0.825522000000000,d,,
0.825610000000000,A,,
0.825698000000000,M,,
0.825786000000000,H,,
0.825875000000000,+,,
0.825963000000000,A,,
0.826051000000000,I,,
0.826139000000000,D,,
0.826227000000000,0,,
0.826315000000000,A,,
0.826404000000000,I,,
0.826492000000000,d,,
0.826580000000000,w,,
0.826668000000000,A,,
0.826756000000000,N,,
0.826844000000000,9,,
0.826932000000000,f,,
0.827021000000000,A,,
0.827109000000000,O,,
0.827197000000000,r,,
0.827285000000000,o,,
0.827373000000000,A,,
0.827461000000000,I,,
0.827550000000000,/,,
0.827638000000000,4,,
0.827726000000000,A,,
0.827814000000000,I,,
0.827902000000000,S,,
0.827990000000000,2,,
0.828078000000000,A,,
0.828167000000000,L,,
0.828255000000000,H,,
0.828343000000000,a,,
0.828431000000000,\r,,
0.828519000000000,\n,,
0.828607000000000,A,,
0.828696000000000,J,,
0.828784000000000,h,,
0.828872000000000,Q,,
0.828960000000000,A,,
0.829048000000000,P,,
0.829136000000000,S,,
0.829225000000000,l,,
0.829313000000000,A,,
0.829401000000000,L,,
0.829489000000000,x,,
0.829577000000000,H,,
0.829665000000000,A,,
0.829753000000000,P,,
0.829842000000000,v,,
0.829930000000000,F,,
0.830018000000000,A,,
0.830106000000000,K,,
0.830194000000000,f,,
0.830282000000000,7,,
0.830371000000000,A,,
0.830459000000000,I,,
0.830547000000000,K,,
0.830635000000000,M,,
0.830723000000000,A,,
0.830811000000000,M,,
0.830899000000000,z,,
0.830988000000000,L,,
0.831076000000000,A,,
0.831164000000000,K,,
0.831252000000000,L,,
0.831340000000000,q,,
0.831428000000000,A,,
0.831517000000000,I,,
0.831605000000000,5,,
0.831693000000000,u,,
0.831781000000000,A,,
0.831869000000000,O,,
0.831957000000000,F,,
0.832046000000000,0,,
0.832134000000000,A,,
0.832222000000000,N,,
0.832310000000000,2,,
0.832398000000000,6,,
0.832486000000000,A,,
0.832574000000000,K,,
0.832663000000000,6,,
0.832751000000000,n,,
0.832839000000000,A,,
0.832927000000000,L,,
0.833015000000000,q,,
0.833103000000000,J,,
0.833192000000000,A,,
0.833280000000000,M,,
0.833368000000000,/,,
0.833456000000000,X,,
0.833544000000000,A,,
0.833632000000000,J,,
0.833720000000000,t,,
0.833809000000000,1,,
0.833897000000000,A,,
0.833985000000000,N,,
0.834073000000000,z,,
0.834161000000000,u,,
0.834249000000000,A,,
0.834338000000000,I,,
0.834426000000000,t,,
0.834514000000000,j,,
0.834602000000000,A,,
0.834690000000000,O,,
0.834778000000000,j,,
0.834866000000000,B,,
0.834955000000000,A,,
0.835043000000000,K,,
0.835131000000000,l,,
0.835219000000000,h,,
0.835307000000000,\r,,
0.835395000000000,\n,,
0.835484000000000,A,,
0.835572000000000,O,,
0.835660000000000,n,,
0.835748000000000,8,,
0.835836000000000,A,,
0.835924000000000,I,,
0.836013000000000,K,,
0.836101000000000,P,,
0.836189000000000,A,,
0.836277000000000,M,,
0.836365000000000,u,,
0.836453000000000,q,,
0.836541000000000,A,,
0.836630000000000,L,,
0.836718000000000,m,,
0.836806000000000,9,,
0.836894000000000,A,,
0.836982000000000,K,,
0.837070000000000,x,,
0.837159000000000,D,,
0.837247000000000,A,,
0.837335000000000,P,,
0.837423000000000,2,,
0.837511000000000,A,,
0.837599000000000,A,,
0.837687000000000,N,,
0.837776000000000,T,,
0.837864000000000,J,,
0.837952000000000,A,,
0.838040000000000,K,,
0.838128000000000,S,,
0.838216000000000,A,,
0.838305000000000,A,,
0.838393000000000,N,,
0.838481000000000,V,,
0.838569000000000,c,,
0.838657000000000,A,,
0.838745000000000,O,,
0.838834000000000,z,,
0.838922000000000,g,,
0.839010000000000,A,,
0.839098000000000,J,,
0.839186000000000,R,,
0.839274000000000,W,,
0.839362000000000,A,,
0.839451000000000,P,,
0.839539000000000,D,,
0.839627000000000,k,,
0.839715000000000,A,,
0.839803000000000,J,,
0.839891000000000,L,,
0.839980000000000,X,,
0.840068000000000,A,,
0.840156000000000,J,,
0.840244000000000,p,,
0.840332000000000,M,,
0.840420000000000,A,,
0.840508000000000,P,,
0.840597000000000,e,,
0.840685000000000,U,,
0.840773000000000,A,,
0.840861000000000,M,,
0.840949000000000,e,,
0.841037000000000,b,,
0.841126000000000,A,,
0.841214000000000,M,,
0.841302000000000,L,,
0.841390000000000,f,,
0.841478000000000,A,,
0.841566000000000,J,,
0.841655000000000,V,,
0.841743000000000,T,,
0.841831000000000,A,,
0.841919000000000,P,,
0.842007000000000,J,,
0.842095000000000,N,,
0.842183000000000,\r,,
0.842272000000000,\n,,
0.842360000000000,A,,
0.842448000000000,P,,
0.842536000000000,e,,
0.842624000000000,7,,
0.842712000000000,A,,
0.842801000000000,K,,
0.842889000000000,2,,
0.842977000000000,B,,
0.843065000000000,A,,
0.843153000000000,N,,
0.843241000000000,S,,
0.843329000000000,k,,
0.843418000000000,A,,
0.843506000000000,L,,
0.843594000000000,3,,
0.843682000000000,I,,
0.843770000000000,A,,
0.843858000000000,K,,
0.843947000000000,R,,
0.844035000000000,E,,
0.844123000000000,A,,
0.844211000000000,P,,
0.844299000000000,1,,
0.844387000000000,7,,
0.844476000000000,A,,
0.844564000000000,N,,
0.844652000000000,j,,
0.844740000000000,Z,,
0.844828000000000,A,,
0.844916000000000,J,,
0.845004000000000,l,,
0.845093000000000,9,,
0.845181000000000,A,,
0.845269000000000,N,,
0.845357000000000,f,,
0.845445000000000,x,,
0.845533000000000,A,,
0.845622000000000,I,,
0.845710000000000,l,,
0.845798000000000,q,,
0.845886000000000,A,,
0.845974000000000,O,,
0.846062000000000,N,,
0.846150000000000,E,,
0.846239000000000,A,,
0.846327000000000,P,,
0.846415000000000,y,,
0.846503000000000,+,,
0.846591000000000,A,,
0.846679000000000,K,,
0.846768000000000,u,,
0.846856000000000,/,,
0.846944000000000,A,,
0.847032000000000,K,,
0.847120000000000,q,,
0.847208000000000,F,,
0.847297000000000,A,,
0.847385000000000,N,,
0.847473000000000,F,,
0.847561000000000,c,,
0.847649000000000,A,,
0.847737000000000,O,,
0.847825000000000,1,,
0.847914000000000,R,,
0.848002000000000,A,,
0.848090000000000,P,,
0.848178000000000,R,,
0.848266000000000,m,,
0.848354000000000,A,,
0.848443000000000,O,,
0.848531000000000,a,,
0.848619000000000,V,,
0.848707000000000,A,,
0.848795000000000,M,,
0.848883000000000,b,,
0.848971000000000,M,,
0.849060000000000,\r,,
0.849148000000000,\n,,
0.849236000000000,A,,
0.849324000000000,K,,
0.849412000000000,L,,
0.849500000000000,5,,
0.849589000000000,A,,
0.849677000000000,I,,
0.849765000000000,S,,
0.849853000000000,Y,,
0.849941000000000,A,,
0.850029000000000,M,,
0.850118000000000,R,,
0.850206000000000,Z,,
0.850294000000000,A,,
0.850382000000000,O,,
0.850470000000000,5,,
0.850558000000000,Z,,
0.850646000000000,A,,
0.850735000000000,O,,
0.850823000000000,+,,
0.850911000000000,w,,
0.850999000000000,A,,
0.851087000000000,L,,
0.851175000000000,X,,
0.851264000000000,d,,
0.851352000000000,A,,
0.851440000000000,J,,
0.851528000000000,d,,
0.851616000000000,3,,
0.851704000000000,A,,
0.851792000000000,N,,
0.851881000000000,r,,
0.851969000000000,T,,
0.852057000000000,A,,
0.852145000000000,J,,
0.852233000000000,3,,
0.852321000000000,S,,
0.852410000000000,A,,
0.852498000000000,J,,
0.852586000000000,6,,
0.852674000000000,D,,
0.852762000000000,A,,
0.852850000000000,N,,
0.852939000000000,N,,
0.853027000000000,K,,
0.853115000000000,A,,
0.853203000000000,P,,
0.853291000000000,l,,
0.853379000000000,5,,
0.853467000000000,A,,
0.853556000000000,N,,
0.853644000000000,l,,
0.853732000000000,3,,
0.853820000000000,A,,
0.853908000000000,N,,
0.853996000000000,u,,
0.854085000000000,v,,
0.854173000000000,A,,
0.854261000000000,L,,
0.854349000000000,X,,
0.854437000000000,t,,
0.854525000000000,A,,
0.854613000000000,I,,
0.854702000000000,x,,
0.854790000000000,+,,
0.854878000000000,A,,
0.854966000000000,N,,
0.855054000000000,Z,,
0.855142000000000,e,,
0.855231000000000,A,,
0.855319000000000,O,,
0.855407000000000,v,,
0.855495000000000,O,,
0.855583000000000,A,,
0.855671000000000,K,,
0.855760000000000,G,,
0.855848000000000,i,,
0.855936000000000,\r,,
0.856024000000000,\n,,
0.856112000000000,A,,
0.856200000000000,L,,
0.856288000000000,6,,
0.856377000000000,8,,
0.856465000000000,A,,
0.856553000000000,K,,
0.856641000000000,x,,
0.856729000000000,r,,
0.856817000000000,A,,
0.856906000000000,O,,
0.856994000000000,K,,
0.857082000000000,S,,
0.857170000000000,A,,
0.857258000000000,M,,
0.857346000000000,j,,
0.857434000000000,n,,
0.857523000000000,A,,
0.857611000000000,J,,
0.857699000000000,C,,
0.857787000000000,f,,
0.857875000000000,A,,
0.857963000000000,M,,
0.858052000000000,D,,
0.858140000000000,U,,
0.858228000000000,A,,
0.858316000000000,J,,
0.858404000000000,y,,
0.858492000000000,3,,
0.858580000000000,A,,
0.858669000000000,L,,
0.858757000000000,D,,
0.858845000000000,e,,
0.858933000000000,A,,
0.859021000000000,J,,
0.859109000000000,Z,,
0.859198000000000,p,,
0.859286000000000,A,,
0.859374000000000,O,,
0.859462000000000,T,,
0.859550000000000,y,,
0.859638000000000,A,,
0.859727000000000,I,,
0.859815000000000,h,,
0.859903000000000,a,,
0.859991000000000,A,,
0.860079000000000,O,,
0.860167000000000,7,,
0.860255000000000,s,,
0.860344000000000,A,,
0.860432000000000,I,,
0.860520000000000,z,,
0.860608000000000,H,,
0.860696000000000,A,,
0.860784000000000,K,,
0.860873000000000,X,,
0.860961000000000,w,,
0.861049000000000,A,,
0.861137000000000,I,,
0.861225000000000,p,,
0.861313000000000,i,,
0.861401000000000,A,,
0.861490000000000,O,,
0.861578000000000,h,,
0.861666000000000,6,,
0.861754000000000,A,,
0.861842000000000,N,,
0.861930000000000,i,,
0.862019000000000,R,,
0.862107000000000,A,,
0.862195000000000,M,,
0.862283000000000,l,,
0.862371000000000,T,,
0.862459000000000,A,,
0.862548000000000,P,,
0.862636000000000,N,,
0.862724000000000,0,,
0.862812000000000,\r,,
0.862900000000000,\n,,
0.862988000000000,A,,
0.863076000000000,N,,
0.863165000000000,x,,
0.863253000000000,z,,
0.863341000000000,A,,
0.863429000000000,N,,
0.863517000000000,3,,
0.863605000000000,P,,
0.863694000000000,A,,
0.863782000000000,K,,
0.863870000000000,D,,
0.863958000000000,C,,
0.864046000000000,A,,
0.864134000000000,K,,
0.864222000000000,n,,
0.864311000000000,r,,
0.864399000000000,A,,
0.864487000000000,I,,
0.864575000000000,1,,
0.864663000000000,b,,
0.864751000000000,A,,
0.864840000000000,O,,
0.864928000000000,2,,
0.865016000000000,D,,
0.865104000000000,A,,
0.865192000000000,N,,
0.865280000000000,K,,
0.865369000000000,S,,
0.865457000000000,A,,
0.865545000000000,M,,
0.865633000000000,n,,
0.865721000000000,m,,
0.865809000000000,A,,
0.865897000000000,J,,
0.865986000000000,C,,
0.866074000000000,m,,
0.866162000000000,A,,
0.866250000000000,L,,
0.866338000000000,v,,
0.866426000000000,i,,
0.866515000000000,A,,
0.866603000000000,J,,
0.866691000000000,N,,
0.866779000000000,8,,
0.866867000000000,A,,
0.866955000000000,N,,
0.867043000000000,e,,
0.867132000000000,5,,
0.867220000000000,A,,
0.867308000000000,K,,
0.867396000000000,/,,
0.867484000000000,K,,
0.867572000000000,A,,
0.867661000000000,K,,
0.867749000000000,N,,
0.867837000000000,I,,
0.867925000000000,A,,
0.868013000000000,P,,
0.868101000000000,q,,
0.868190000000000,y,,
0.868278000000000,A,,
0.868366000000000,L,,
0.868454000000000,O,,
0.868542000000000,L,,
0.868630000000000,A,,
0.868718000000000,M,,
0.868807000000000,3,,
0.868895000000000,1,,
0.868983000000000,A,,
0.869071000000000,I,,
0.869159000000000,Z,,
0.869247000000000,v,,
0.869336000000000,A,,
0.869424000000000,O,,
0.869512000000000,C,,
0.869600000000000,/,,
0.869688000000000,\r,,
0.869776000000000,\n,,
0.869864000000000,A,,
0.869953000000000,K,,
0.870041000000000,u,,
0.870129000000000,q,,
0.870217000000000,A,,
0.870305000000000,L,,
0.870393000000000,i,,
0.870482000000000,O,,
0.870570000000000,A,,
0.870658000000000,M,,
0.870746000000000,u,,
0.870834000000000,1,,
0.870922000000000,A,,
0.871011000000000,L,,
0.871099000000000,G,,
0.871187000000000,P,,
0.871275000000000,A,,
0.871363000000000,M,,
0.871451000000000,q,,
0.871539000000000,J,,
0.871628000000000,A,,
0.871716000000000,M,,
0.871804000000000,7,,
0.871892000000000,m,,
0.871980000000000,A,,
0.872068000000000,J,,
0.872157000000000,F,,
0.872245000000000,W,,
0.872333000000000,A,,
0.872421000000000,P,,
0.872509000000000,F,,
0.872597000000000,2,,
0.872685000000000,A,,
0.872774000000000,N,,
0.872862000000000,t,,
0.872950000000000,O,,
0.873038000000000,A,,
0.873126000000000,P,,
0.873214000000000,a,,
0.873303000000000,z,,
0.873391000000000,A,,
0.873479000000000,L,,
0.873567000000000,P,,
0.873655000000000,p,,
0.873743000000000,A,,
0.873832000000000,I,,
0.873920000000000,7,,
0.874008000000000,C,,
0.874096000000000,A,,
0.874184000000000,K,,
0.874272000000000,h,,
0.874360000000000,n,,
0.874449000000000,A,,
0.874537000000000,O,,
0.874625000000000,X,,
0.874713000000000,g,,
0.874801000000000,A,,
0.874889000000000,J,,
0.874978000000000,W,,
0.875066000000000,Z,,
0.875154000000000,A,,
0.875242000000000,M,,
0.875330000000000,R,,
0.875418000000000,Q,,
0.875506000000000,A,,
0.875595000000000,P,,
0.875683000000000,W,,
0.875771000000000,o,,
0.875859000000000,A,,
0.875947000000000,L,,
0.876035000000000,r,,
0.876124000000000,V,,
0.876212000000000,A,,
0.876300000000000,J,,
0.876388000000000,y,,
0.876476000000000,N,,
0.876564000000000,\r,,
0.876653000000000,\n,,
0.876741000000000,A,,
0.876829000000000,M,,
0.876917000000000,y,,
0.877005000000000,t,,
0.877093000000000,A,,
0.877181000000000,L,,
0.877270000000000,e,,
0.877358000000000,e,,
0.877446000000000,A,,
0.877534000000000,M,,
0.877622000000000,D,,
0.877710000000000,L,,
0.877799000000000,A,,
0.877887000000000,K,,
0.877975000000000,P,,
0.878063000000000,b,,
0.878151000000000,A,,
0.878239000000000,J,,
0.878327000000000,h,,
0.878416000000000,P,,
0.878504000000000,A,,
0.878592000000000,P,,
0.878680000000000,V,,
0.878768000000000,l,,
0.878856000000000,A,,
0.878945000000000,O,,
0.879033000000000,f,,
0.879121000000000,d,,
0.879209000000000,A,,
0.879297000000000,J,,
0.879385000000000,Z,,
0.879474000000000,f,,
0.879562000000000,A,,
0.879650000000000,O,,
0.879738000000000,u,,
0.879826000000000,e,,
0.879914000000000,A,,
0.880002000000000,M,,
0.880091000000000,G,,
0.880179000000000,X,,
0.880267000000000,A,,
0.880355000000000,M,,
0.880443000000000,W,,
0.880531000000000,G,,
0.880620000000000,A,,
0.880708000000000,N,,
0.880796000000000,G,,
0.880884000000000,8,,
0.880972000000000,A,,
0.881060000000000,K,,
0.881148000000000,2,,
0.881237000000000,k,,
0.881325000000000,A,,
0.881413000000000,L,,
0.881501000000000,x,,
0.881589000000000,L,,
0.881677000000000,A,,
0.881766000000000,P,,
0.881854000000000,i,,
0.881942000000000,K,,
0.882030000000000,A,,
0.882118000000000,M,,
0.882206000000000,6,,
0.882294000000000,t,,
0.882383000000000,A,,
0.882471000000000,L,,
0.882559000000000,Z,,
0.882647000000000,s,,
0.882735000000000,A,,
0.882823000000000,O,,
0.882912000000000,J,,
0.883000000000000,Y,,
0.883088000000000,A,,
0.883176000000000,O,,
0.883264000000000,+,,
0.883352000000000,M,,
0.883441000000000,\r,,
0.883529000000000,\n,,
0.883617000000000,A,,
0.883705000000000,M,,
0.883793000000000,2,,
0.883881000000000,W,,
0.883969000000000,A,,
0.884058000000000,M,,
0.884146000000000,b,,
0.884234000000000,3,,
0.884322000000000,A,,
0.884410000000000,I,,
0.884498000000000,X,,
0.884587000000000,j,,
0.884675000000000,A,,
0.884763000000000,J,,
0.884851000000000,N,,
0.884939000000000,/,,
0.885027000000000,A,,
0.885115000000000,N,,
0.885204000000000,X,,
0.885292000000000,U,,
0.885380000000000,A,,
0.885468000000000,J,,
0.885556000000000,2,,
0.885644000000000,Y,,
0.885733000000000,A,,
0.885821000000000,M,,
0.885909000000000,X,,
0.885997000000000,z,,
0.886085000000000,A,,
0.886173000000000,I,,
0.886262000000000,i,,
0.886350000000000,c,,
0.886438000000000,A,,
0.886526000000000,M,,
0.886614000000000,K,,
0.886702000000000,j,,
0.886790000000000,A,,
0.886879000000000,L,,
0.886967000000000,1,,
0.887055000000000,9,,
0.887143000000000,A,,
0.887231000000000,N,,
0.887319000000000,Z,,
0.887408000000000,r,,
0.887496000000000,A,,
0.887584000000000,O,,
0.887672000000000,P,,
0.887760000000000,Y,,
0.887848000000000,A,,
0.887936000000000,J,,
0.888025000000000,q,,
0.888113000000000,I,,
0.888201000000000,A,,
0.888289000000000,M,,
0.888377000000000,9,,
0.888465000000000,V,,
0.888554000000000,A,,
0.888642000000000,P,,
0.888730000000000,H,,
0.888818000000000,E,,
0.888906000000000,A,,
0.888994000000000,K,,
0.889083000000000,f,,
0.889171000000000,S,,
0.889259000000000,g,,
0.889347000000000,O,,
0.889435000000000,7,,
0.889523000000000,L,,
0.889611000000000,A,,
0.889700000000000,A,,
0.889788000000000,A,,
0.889876000000000,Y,,
0.889964000000000,n,,
0.890052000000000,U,,
0.890140000000000,l,,
0.890229000000000,E,,
0.890317000000000,\r,,
0.890405000000000,\n,,
0.890493000000000,Q,,
0.890581000000000,V,,
0.890669000000000,R,,
0.890757000000000,4,,
0.890846000000000,n,,
0.890934000000000,O,,
0.891022000000000,2,,
0.891110000000000,d,,
0.891198000000000,+,,
0.891286000000000,4,,
0.891375000000000,M,,
0.891463000000000,V,,
0.891551000000000,x,,
0.891639000000000,Z,,
0.891727000000000,W,,
0.891815000000000,A,,
0.891904000000000,e,,
0.891992000000000,5,,
0.892080000000000,C,,
0.892168000000000,5,,
0.892256000000000,D,,
0.892344000000000,S,,
0.892432000000000,L,,
0.892521000000000,C,,
0.892609000000000,H,,
0.892697000000000,Q,,
0.892785000000000,U,,
0.892873000000000,d,,
0.892961000000000,x,,
0.893050000000000,w,,
0.893138000000000,F,,
0.893226000000000,E,,
0.893314000000000,1,,
0.893402000000000,J,,
0.893490000000000,G,,
0.893578000000000,X,,
0.893667000000000,s,,
0.893755000000000,/,,
0.893843000000000,I,,
0.893931000000000,W,,
0.894019000000000,e,,
0.894107000000000,Y,,
0.894196000000000,g,,
0.894284000000000,K,,
0.894372000000000,A,,
0.894460000000000,q,,
0.894548000000000,4,,
0.894636000000000,K,,
0.894725000000000,Y,,
0.894813000000000,Z,,
0.894901000000000,K,,
0.894989000000000,s,,
0.895077000000000,G,,
0.895165000000000,Y,,
0.895253000000000,K,,
0.895342000000000,g,,
0.895430000000000,E,,
0.895518000000000,U,,
0.895606000000000,j,,
0.895694000000000,G,,
0.895782000000000,Q,,
0.895871000000000,H,,
0.895959000000000,B,,
0.896047000000000,1,,
0.896135000000000,E,,
0.896223000000000,3,,
0.896311000000000,y,,
0.896399000000000,Q,,
0.896488000000000,x,,
0.896576000000000,I,,
0.896664000000000,i,,
0.896752000000000,6,,
0.896840000000000,6,,
0.896928000000000,q,,
0.897017000000000,7,,
0.897105000000000,G,,
0.897193000000000,\r,,
0.897281000000000,\n,,
0.897369000000000,J,,
0.897457000000000,a,,
0.897546000000000,6,,
0.897634000000000,6,,
0.897722000000000,Z,,
0.897810000000000,m,,
0.897898000000000,O,,
0.897986000000000,S,,
0.898074000000000,3,,
0.898163000000000,e,,
0.898251000000000,x,,
0.898339000000000,m,,
0.898427000000000,H,,
0.898515000000000,8,,
0.898603000000000,n,,
0.898692000000000,G,,
0.898780000000000,u,,
0.898868000000000,O,,
0.898956000000000,/,,
0.899044000000000,H,,
0.899132000000000,v,,
0.899220000000000,7,,
0.899309000000000,Y,,
0.899397000000000,z,,
0.899485000000000,c,,
0.899573000000000,/,,
0.899661000000000,t,,
0.899749000000000,U,,
0.899838000000000,V,,
0.899926000000000,X,,
0.900014000000000,d,,
0.900102000000000,X,,
0.900190000000000,d,,
0.900278000000000,V,,
0.900367000000000,f,,
0.900455000000000,f,,
0.900543000000000,B,,
0.900631000000000,9,,
0.900719000000000,P,,
0.900807000000000,d,,
0.900895000000000,9,,
0.900984000000000,/,,
0.901072000000000,t,,
0.901160000000000,+,,
0.901248000000000,g,,
0.901336000000000,t,,
0.901424000000000,t,,
0.901513000000000,9,,
0.901601000000000,q,,
0.901689000000000,/,,
0.901777000000000,r,,
0.901865000000000,O,,
0.901953000000000,f,,
0.902041000000000,N,,
0.902130000000000,O,,
0.902218000000000,3,,
0.902306000000000,6,,
0.902394000000000,t,,
0.902482000000000,S,,
0.902570000000000,p,,
0.902659000000000,0,,
0.902747000000000,0,,
0.902835000000000,E,,
0.902923000000000,A,,
0.903011000000000,A,,
0.903099000000000,A,,
0.903188000000000,A,,
0.903276000000000,A,,
0.903364000000000,A,,
0.903452000000000,A,,
0.903540000000000,A,,
0.903628000000000,A,,
0.903716000000000,A,,
0.903805000000000,A,,
0.903893000000000,A,,
0.903981000000000,A,,
0.904069000000000,\r,,
0.904157000000000,\n,,
0.904245000000000,A,,
0.904334000000000,A,,
0.904422000000000,A,,
0.904510000000000,A,,
0.904598000000000,A,,
0.904686000000000,A,,
0.904774000000000,A,,
0.904862000000000,A,,
0.904951000000000,A,,
0.905039000000000,A,,
0.905127000000000,A,,
0.905215000000000,A,,
0.905303000000000,A,,
0.905391000000000,A,,
0.905480000000000,A,,
0.905568000000000,A,,
0.905656000000000,A,,
0.905744000000000,A,,
0.905832000000000,A,,
0.905920000000000,A,,
0.906009000000000,A,,
0.906097000000000,A,,
0.906185000000000,A,,
0.906273000000000,A,,
0.906361000000000,A,,
0.906449000000000,A,,
0.906537000000000,A,,
0.906626000000000,A,,
0.906714000000000,A,,
0.906802000000000,A,,
0.906890000000000,A,,
0.906978000000000,A,,
0.907066000000000,A,,
0.907155000000000,A,,
0.907243000000000,A,,
0.907331000000000,A,,
0.907419000000000,A,,
0.907507000000000,A,,
0.907595000000000,A,,
0.907683000000000,A,,
0.907772000000000,A,,
0.907860000000000,A,,
0.907948000000000,A,,
0.908036000000000,A,,
0.908124000000000,A,,
0.908212000000000,A,,
0.908301000000000,A,,
0.908389000000000,A,,
0.908477000000000,A,,
0.908565000000000,A,,
0.908653000000000,A,,
0.908741000000000,A,,
0.908829000000000,A,,
0.908918000000000,A,,
0.909006000000000,A,,
0.909094000000000,A,,
0.909182000000000,A,,
0.909270000000000,A,,
0.909358000000000,A,,
0.909447000000000,A,,
0.909535000000000,A,,
0.909623000000000,A,,
0.909711000000000,A,,
0.909799000000000,A,,
0.909887000000000,A,,
0.909976000000000,A,,
0.910064000000000,A,,
0.910152000000000,A,,
0.910240000000000,A,,
0.910328000000000,A,,
0.910416000000000,A,,
0.910504000000000,A,,
0.910593000000000,A,,
0.910681000000000,A,,
0.910769000000000,A,,
0.910857000000000,A,,
0.910945000000000,\r,,
0.911033000000000,\n,,
0.911122000000000,A,,
0.911210000000000,A,,
0.911298000000000,A,,
0.911386000000000,A,,
0.911474000000000,A,,
0.911562000000000,A,,
0.911650000000000,A,,
0.911739000000000,A,,
0.911827000000000,A,,
0.911915000000000,A,,
0.912003000000000,A,,
0.912091000000000,A,,
0.912179000000000,A,,
0.912268000000000,A,,
0.912356000000000,A,,
0.912444000000000,A,,
0.912532000000000,A,,
0.912620000000000,A,,
0.912708000000000,A,,
0.912797000000000,A,,
0.912885000000000,A,,
0.912973000000000,A,,
0.913061000000000,A,,
0.913149000000000,A,,
0.913237000000000,A,,
0.913325000000000,A,,
0.913414000000000,A,,
0.913502000000000,A,,
0.913590000000000,A,,
0.913678000000000,A,,
0.913766000000000,A,,
0.913854000000000,A,,
0.913943000000000,A,,
0.914031000000000,A,,
0.914119000000000,A,,
0.914207000000000,A,,
0.914295000000000,A,,
0.914383000000000,A,,
0.914471000000000,A,,
0.914560000000000,A,,
0.914648000000000,A,,
0.914736000000000,A,,
0.914824000000000,A,,
0.914912000000000,A,,
0.915000000000000,A,,
0.915089000000000,A,,
0.915177000000000,A,,
0.915265000000000,A,,
0.915353000000000,A,,
0.915441000000000,A,,
0.915529000000000,A,,
0.915618000000000,A,,
0.915706000000000,A,,
0.915794000000000,A,,
0.915882000000000,A,,
0.915970000000000,A,,
0.916058000000000,A,,
0.916146000000000,A,,
0.916235000000000,A,,
0.916323000000000,A,,
0.916411000000000,A,,
0.916499000000000,A,,
0.916587000000000,A,,
0.916675000000000,A,,
0.916764000000000,A,,
0.916852000000000,A,,
0.916940000000000,A,,
0.917028000000000,A,,
0.917116000000000,A,,
0.917204000000000,A,,
0.917292000000000,A,,
0.917381000000000,A,,
0.917469000000000,A,,
0.917557000000000,A,,
0.917645000000000,A,,
0.917733000000000,A,,
0.917821000000000,\r,,
0.917910000000000,\n,,
0.917998000000000,A,,
0.918086000000000,F,,
0.918174000000000,A,,
0.918262000000000,C,,
0.918350000000000,B,,
0.918439000000000,u,,
0.918527000000000,Z,,
0.918615000000000,d,,
0.918703000000000,M,,
0.918791000000000,3,,
0.918879000000000,+,,
0.918967000000000,w,,
0.919056000000000,E,,
0.919144000000000,U,,
0.919232000000000,6,,
0.919320000000000,z,,
0.919408000000000,Y,,
0.919496000000000,K,,
0.919585000000000,4,,
0.919673000000000,v,,
0.919761000000000,B,,
0.919849000000000,V,,
0.919937000000000,w,,
0.920025000000000,s,,
0.920113000000000,D,,
0.920202000000000,I,,
0.920290000000000,u,,
0.920378000000000,y,,
0.920466000000000,0,,
0.920554000000000,P,,
0.920642000000000,7,,
0.920731000000000,+,,
0.920819000000000,a,,
0.920907000000000,x,,
0.920995000000000,f,,
0.921083000000000,l,,
0.921171000000000,d,,
0.921260000000000,3,,
0.921348000000000,a,,
0.921436000000000,d,,
0.921524000000000,n,,
0.921612000000000,O,,
0.921700000000000,w,,
0.921788000000000,r,,
0.921877000000000,x,,
0.921965000000000,O,,
0.922053000000000,K,,
0.922141000000000,G,,
0.922229000000000,o,,
0.922317000000000,+,,
0.922406000000000,3,,
0.922494000000000,r,,
0.922582000000000,l,,
0.922670000000000,6,,
0.922758000000000,j,,
0.922846000000000,r,,
0.922934000000000,W,,
0.923023000000000,d,,
0.923111000000000,r,,
0.923199000000000,M,,
0.923287000000000,b,,
0.923375000000000,2,,
0.923463000000000,f,,
0.923552000000000,o,,
0.923640000000000,B,,
0.923728000000000,j,,
0.923816000000000,n,,
0.923904000000000,7,,
0.923992000000000,x,,
0.924081000000000,m,,
0.924169000000000,W,,
0.924257000000000,W,,
0.924345000000000,w,,
0.924433000000000,8,,
0.924521000000000,t,,
0.924609000000000,v,,
0.924698000000000,\r,,
0.924786000000000,\n,,
0.924874000000000,G,,
0.924962000000000,g,,
0.925050000000000,y,,
0.925138000000000,T,,
0.925227000000000,l,,
0.925315000000000,7,,
0.925403000000000,b,,
0.925491000000000,o,,
0.925579000000000,2,,
0.925667000000000,u,,
0.925755000000000,i,,
0.925844000000000,F,,
0.925932000000000,6,,
0.926020000000000,z,,
0.926108000000000,y,,
0.926196000000000,v,,
0.926284000000000,t,,
0.926373000000000,X,,
0.926461000000000,2,,
0.926549000000000,u,,
0.926637000000000,Y,,
0.926725000000000,l,,
0.926813000000000,e,,
0.926902000000000,V,,
0.926990000000000,p,,
0.927078000000000,t,,
0.927166000000000,S,,
0.927254000000000,u,,
0.927342000000000,3,,
0.927430000000000,j,,
0.927519000000000,z,,
0.927607000000000,s,,
0.927695000000000,a,,
0.927783000000000,r,,
0.927871000000000,t,,
0.927959000000000,5,,
0.928048000000000,i,,
0.928136000000000,7,,
0.928224000000000,q,,
0.928312000000000,e,,
0.928400000000000,k,,
0.928488000000000,V,,
0.928576000000000,t,,
0.928665000000000,z,,
0.928753000000000,2,,
0.928841000000000,x,,
0.928929000000000,l,,
0.929017000000000,d,,
0.929105000000000,o,,
0.929194000000000,U,,
0.929282000000000,5,,
0.929370000000000,e,,
0.929458000000000,a,,
0.929546000000000,T,,
0.929634000000000,m,,
0.929723000000000,8,,
0.929811000000000,6,,
0.929899000000000,j,,
0.929987000000000,b,,
0.930075000000000,j,,
0.930163000000000,4,,
0.930251000000000,+,,
0.930340000000000,F,,
0.930428000000000,q,,
0.930516000000000,a,,
0.930604000000000,S,,
0.930692000000000,m,,
0.930780000000000,z,,
0.930869000000000,q,,
0.930957000000000,0,,
0.931045000000000,O,,
0.931133000000000,r,,
0.931221000000000,3,,
0.931309000000000,W,,
0.931397000000000,2,,
0.931486000000000,r,,
0.931574000000000,\r,,
0.931662000000000,\n,,
0.931750000000000,Y,,
0.931838000000000,4,,
0.931926000000000,5,,
0.932015000000000,b,,
0.932103000000000,Z,,
0.932191000000000,Y,,
0.932279000000000,z,,
0.932367000000000,b,,
0.932455000000000,G,,
0.932543000000000,9,,
0.932632000000000,G,,
0.932720000000000,p,,
0.932808000000000,j,,
0.932896000000000,T,,
0.932984000000000,W,,
0.933072000000000,W,,
0.933161000000000,m,,
0.933249000000000,/,,
0.933337000000000,C,,
0.933425000000000,y,,
0.933513000000000,G,,
0.933601000000000,8,,
0.933690000000000,2,,
0.933778000000000,P,,
0.933866000000000,h,,
0.933954000000000,6,,
0.934042000000000,u,,
0.934130000000000,l,,
0.934218000000000,p,,
0.934307000000000,c,,
0.934395000000000,S,,
0.934483000000000,u,,
0.934571000000000,N,,
0.934659000000000,t,,
0.934747000000000,c,,
0.934836000000000,0,,
0.934924000000000,M,,
0.935012000000000,t,,
0.935100000000000,q,,
0.935188000000000,W,,
0.935276000000000,e,,
0.935364000000000,+,,
0.935453000000000,4,,
0.935541000000000,0,,
0.935629000000000,d,,
0.935717000000000,4,,
0.935805000000000,x,,
0.935893000000000,m,,
0.935982000000000,N,,
0.936070000000000,3,,
0.936158000000000,S,,
0.936246000000000,n,,
0.936334000000000,O,,
0.936422000000000,v,,
0.936511000000000,U,,
0.936599000000000,u,,
0.936687000000000,S,,
0.936775000000000,0,,
0.936863000000000,O,,
0.936951000000000,L,,
0.937039000000000,7,,
0.937128000000000,o,,
0.937216000000000,p,,
0.937304000000000,9,,
0.937392000000000,P,,
0.937480000000000,F,,
0.937568000000000,w,,
0.937657000000000,t,,
0.937745000000000,L,,
0.937833000000000,S,,
0.937921000000000,V,,
0.938009000000000,2,,
0.938097000000000,V,,
0.938185000000000,Y,,
0.938274000000000,9,,
0.938362000000000,J,,
0.938450000000000,\r,,
0.938538000000000,\n,,
0.938626000000000,r,,
0.938714000000000,W,,
0.938803000000000,2,,
0.938891000000000,r,,
0.938979000000000,m,,
0.939067000000000,2,,
0.939155000000000,X,,
0.939243000000000,Y,,
0.939332000000000,u,,
0.939420000000000,D,,
0.939508000000000,2,,
0.939596000000000,z,,
0.939684000000000,n,,
0.939772000000000,b,,
0.939860000000000,G,,
0.939949000000000,7,,
0.940037000000000,5,,
0.940125000000000,U,,
0.940213000000000,T,,
0.940301000000000,r,,
0.940389000000000,H,,
0.940478000000000,X,,
0.940566000000000,i,,
0.940654000000000,x,,
0.940742000000000,a,,
0.940830000000000,g,,
0.940918000000000,d,,
0.941006000000000,X,,
0.941095000000000,y,,
0.941183000000000,0,,
0.941271000000000,1,,
0.941359000000000,5,,
0.941447000000000,X,,
0.941535000000000,d,,
0.941624000000000,W,,
0.941712000000000,K,,
0.941800000000000,2,,
0.941888000000000,d,,
0.941976000000000,s,,
0.942064000000000,e,,
0.942153000000000,v,,
0.942241000000000,U,,
0.942329000000000,M,,
0.942417000000000,d,,
0.942505000000000,H,,
0.942593000000000,7,,
0.942681000000000,4,,
0.942770000000000,5,,
0.942858000000000,o,,
0.942946000000000,x,,
0.943034000000000,1,,
0.943122000000000,j,,
0.943210000000000,s,,
0.943299000000000,L,,
0.943387000000000,r,,
0.943475000000000,W,,
0.943563000000000,1,,
0.943651000000000,s,,
0.943739000000000,2,,
0.943827000000000,6,,
0.943916000000000,+,,
0.944004000000000,M,,
0.944092000000000,f,,
0.944180000000000,D,,
0.944268000000000,1,,
0.944356000000000,d,,
0.944445000000000,J,,
0.944533000000000,S,,
0.944621000000000,W,,
0.944709000000000,l,,
0.944797000000000,f,,
0.944885000000000,X,,
0.944974000000000,b,,
0.945062000000000,9,,
0.945150000000000,B,,
0.945238000000000,d,,
0.945326000000000,\r,,
0.945414000000000,\n,,
0.945502000000000,2,,
0.945591000000000,t,,
0.945679000000000,s,,
0.945767000000000,2,,
0.945855000000000,x,,
0.945943000000000,p,,
0.946031000000000,m,,
0.946120000000000,r,,
0.946208000000000,h,,
0.946296000000000,9,,
0.946384000000000,w,,
0.946472000000000,N,,
0.946560000000000,b,,
0.946648000000000,V,,
0.946737000000000,T,,
0.946825000000000,3,,
0.946913000000000,z,,
0.947001000000000,V,,
0.947089000000000,t,,
0.947177000000000,s,,
0.947266000000000,E,,
0.947354000000000,Y,,
0.947442000000000,N,,
0.947530000000000,7,,
0.947618000000000,5,,
0.947706000000000,P,,
0.947795000000000,D,,
0.947883000000000,4,,
0.947971000000000,H,,
0.948059000000000,9,,
0.948147000000000,w,,
0.948235000000000,7,,
0.948323000000000,N,,
0.948412000000000,q,,
0.948500000000000,B,,
0.948588000000000,f,,
0.948676000000000,x,,
0.948764000000000,9,,
0.948852000000000,X,,
0.948941000000000,S,,
0.949029000000000,U,,
0.949117000000000,V,,
0.949205000000000,p,,
0.949293000000000,X,,
0.949381000000000,1,,
0.949469000000000,4,,
0.949558000000000,7,,
0.949646000000000,k,,
0.949734000000000,u,,
0.949822000000000,R,,
0.949910000000000,r,,
0.949998000000000,c,,
0.950087000000000,q,,
0.950175000000000,k,,
0.950263000000000,6,,
0.950351000000000,x,,
0.950439000000000,z,,
0.950527000000000,p,,
0.950616000000000,l,,
0.950704000000000,a,,
0.950792000000000,6,,
0.950880000000000,M,,
0.950968000000000,G,,
0.951056000000000,q,,
0.951144000000000,V,,
0.951233000000000,e,,
0.951321000000000,j,,
0.951409000000000,1,,
0.951497000000000,m,,
0.951585000000000,6,,
0.951673000000000,K,,
0.951762000000000,j,,
0.951850000000000,m,,
0.951938000000000,7,,
0.952026000000000,f,,
0.952114000000000,E,,
0.952202000000000,\r,,
0.952290000000000,\n,,
0.952379000000000,D,,
0.952467000000000,+,,
0.952555000000000,B,,
0.952643000000000,q,,
0.952731000000000,6,,
0.952819000000000,V,,
0.952908000000000,C,,
0.952996000000000,u,,
0.953084000000000,t,,
0.953172000000000,R,,
0.953260000000000,k,,
0.953348000000000,D,,
0.953437000000000,7,,
0.953525000000000,5,,
0.953613000000000,W,,
0.953701000000000,r,,
0.953789000000000,s,,
0.953877000000000,c,,
0.953965000000000,m,,
0.954054000000000,5,,
0.954142000000000,o,,
0.954230000000000,+,,
0.954318000000000,3,,
0.954406000000000,m,,
0.954494000000000,U,,
0.954583000000000,n,,
0.954671000000000,X,,
0.954759000000000,G,,
0.954847000000000,k,,
0.954935000000000,u,,
0.955023000000000,t,,
0.955111000000000,z,,
0.955200000000000,2,,
0.955288000000000,9,,
0.955376000000000,m,,
0.955464000000000,6,,
0.955552000000000,z,,
0.955640000000000,X,,
0.955729000000000,Z,,
0.955817000000000,8,,
0.955905000000000,b,,
0.955993000000000,L,,
0.956081000000000,O,,
0.956169000000000,j,,
0.956258000000000,A,,
0.956346000000000,V,,
0.956434000000000,w,,
0.956522000000000,t,,
0.956610000000000,H,,
0.956698000000000,S,,
0.956786000000000,V,,
0.956875000000000,1,,
0.956963000000000,1,,
0.957051000000000,R,,
0.957139000000000,i,,
0.957227000000000,M,,
0.957315000000000,Z,,
0.957404000000000,r,,
0.957492000000000,R,,
0.957580000000000,t,,
0.957668000000000,B,,
0.957756000000000,K,,
0.957844000000000,7,,
0.957932000000000,W,,
0.958021000000000,r,,
0.958109000000000,b,,
0.958197000000000,K,,
0.958285000000000,3,,
0.958373000000000,k,,
0.958461000000000,z,,
0.958550000000000,1,,
0.958638000000000,Y,,
0.958726000000000,D,,
0.958814000000000,Y,,
0.958902000000000,L,,
0.958990000000000,t,,
0.959078000000000,\r,,
0.959167000000000,\n,,
0.959255000000000,O,,
0.959343000000000,x,,
0.959431000000000,x,,
0.959519000000000,d,,
0.959607000000000,4,,
0.959696000000000,G,,
0.959784000000000,r,,
0.959872000000000,p,,
0.959960000000000,K,,
0.960048000000000,K,,
0.960136000000000,m,,
0.960225000000000,r,,
0.960313000000000,t,,
0.960401000000000,8,,
0.960489000000000,c,,
0.960577000000000,m,,
0.960665000000000,5,,
0.960753000000000,8,,
0.960842000000000,6,,
0.960930000000000,2,,
0.961018000000000,9,,
0.961106000000000,R,,
0.961194000000000,d,,
0.961282000000000,8,,
0.961371000000000,u,,
0.961459000000000,M,,
0.961547000000000,I,,
0.961635000000000,W,,
0.961723000000000,u,,
0.961811000000000,N,,
0.961899000000000,J,,
0.961988000000000,h,,
0.962076000000000,r,,
0.962164000000000,/,,
0.962252000000000,A,,
0.962340000000000,+,,
0.962428000000000,+,,
0.962517000000000,y,,
0.962605000000000,h,,
0.962693000000000,B,,
0.962781000000000,r,,
0.962869000000000,n,,
0.962957000000000,9,,
0.963046000000000,n,,
0.963134000000000,8,,
0.963222000000000,g,,
0.963310000000000,C,,
0.963398000000000,u,,
0.963486000000000,l,,
0.963574000000000,o,,
0.963663000000000,5,,
0.963751000000000,y,,
0.963839000000000,u,,
0.963927000000000,n,,
0.964015000000000,r,,
0.964103000000000,/,,
0.964192000000000,L,,
0.964280000000000,l,,
0.964368000000000,P,,
0.964456000000000,V,,
0.964544000000000,j,,
0.964632000000000,L,,
0.964720000000000,b,,
0.964809000000000,1,,
0.964897000000000,x,,
0.964985000000000,M,,
0.965073000000000,l,,
0.965161000000000,6,,
0.965249000000000,3,,
0.965338000000000,5,,
0.965426000000000,y,,
0.965514000000000,3,,
0.965602000000000,W,,
0.965690000000000,w,,
0.965778000000000,6,,
0.965867000000000,7,,
0.965955000000000,\r,,
0.966043000000000,\n,,
0.966131000000000,Z,,
0.966219000000000,l,,
0.966307000000000,9,,
0.966395000000000,y,,
0.966484000000000,S,,
0.966572000000000,X,,
0.966660000000000,u,,
0.966748000000000,S,,
0.966836000000000,B,,
0.966924000000000,3,,
0.967013000000000,C,,
0.967101000000000,1,,
0.967189000000000,d,,
0.967277000000000,J,,
0.967365000000000,T,,
0.967453000000000,S,,
0.967541000000000,1,,
0.967630000000000,U,,
0.967718000000000,R,,
0.967806000000000,4,,
0.967894000000000,P,,
0.967982000000000,q,,
0.968070000000000,P,,
0.968159000000000,t,,
0.968247000000000,0,,
0.968335000000000,b,,
0.968423000000000,3,,
0.968511000000000,q,,
0.968599000000000,J,,
0.968688000000000,M,,
0.968776000000000,t,,
0.968864000000000,4,,
0.968952000000000,V,,
0.969040000000000,A,,
0.969128000000000,9,,
0.969216000000000,W,,
0.969305000000000,d,,
0.969393000000000,9,,
0.969481000000000,3,,
0.969569000000000,v,,
0.969657000000000,a,,
0.969745000000000,O,,
0.969834000000000,C,,
0.969922000000000,B,,
0.970010000000000,1,,
0.970098000000000,v,,
0.970186000000000,H,,
0.970274000000000,G,,
0.970362000000000,v,,
0.970451000000000,t,,
0.970539000000000,Q,,
0.970627000000000,1,,
0.970715000000000,4,,
0.970803000000000,G,,
0.970891000000000,r,,
0.970980000000000,Z,,
0.971068000000000,K,,
0.971156000000000,K,,
0.971244000000000,O,,
0.971332000000000,r,,
0.971420000000000,8,,
0.971509000000000,s,,
0.971597000000000,3,,
0.971685000000000,d,,
0.971773000000000,e,,
0.971861000000000,D,,
0.971949000000000,C,,
0.972037000000000,/,,
0.972126000000000,b,,
0.972214000000000,W,,
0.972302000000000,M,,
0.972390000000000,O,,
0.972478000000000,9,,
0.972566000000000,t,,
0.972655000000000,D,,
0.972743000000000,y,,
0.972831000000000,\r,,
0.972919000000000,\n,,
0.973007000000000,x,,
0.973095000000000,D,,
0.973183000000000,E,,
0.973272000000000,t,,
0.973360000000000,s,,
0.973448000000000,m,,
0.973536000000000,O,,
0.973624000000000,w,,
0.973712000000000,O,,
0.973801000000000,s,,
0.973889000000000,2,,
0.973977000000000,C,,
0.974065000000000,1,,
0.974153000000000,g,,
0.974241000000000,m,,
0.974330000000000,7,,
0.974418000000000,H,,
0.974506000000000,0,,
0.974594000000000,4,,
0.974682000000000,e,,
0.974770000000000,w,,
0.974858000000000,N,,
0.974947000000000,X,,
0.975035000000000,S,,
0.975123000000000,U,,
0.975211000000000,U,,
0.975299000000000,Z,,
0.975387000000000,X,,
0.975476000000000,Z,,
0.975564000000000,R,,
0.975652000000000,R,,
0.975740000000000,6,,
0.975828000000000,1,,
0.975916000000000,3,,
0.976004000000000,6,,
0.976093000000000,P,,
0.976181000000000,t,,
0.976269000000000,t,,
0.976357000000000,c,,
0.976445000000000,6,,
0.976533000000000,A,,
0.976622000000000,1,,
0.976710000000000,f,,
0.976798000000000,G,,
0.976886000000000,Y,,
0.976974000000000,H,,
0.977062000000000,X,,
0.977151000000000,D,,
0.977239000000000,e,,
0.977327000000000,t,,
0.977415000000000,f,,
0.977503000000000,b,,
0.977591000000000,c,,
0.977679000000000,b,,
0.977768000000000,U,,
0.977856000000000,6,,
0.977944000000000,l,,
0.978032000000000,N,,
0.978120000000000,D,,
0.978208000000000,V,,
0.978297000000000,A,,
0.978385000000000,4,,
0.978473000000000,+,,
0.978561000000000,0,,
0.978649000000000,T,,
0.978737000000000,h,,
0.978825000000000,q,,
0.978914000000000,+,,
0.979002000000000,e,,
0.979090000000000,Y,,
0.979178000000000,F,,
0.979266000000000,H,,
0.979354000000000,2,,
0.979443000000000,8,,
0.979531000000000,a,,
0.979619000000000,a,,
0.979707000000000,\r,,
0.979795000000000,\n,,
0.979883000000000,w,,
0.979972000000000,f,,
0.980060000000000,C,,
0.980148000000000,d,,
0.980236000000000,s,,
0.980324000000000,S,,
0.980412000000000,M,,
0.980500000000000,r,,
0.980589000000000,l,,
0.980677000000000,c,,
0.980765000000000,U,,
0.980853000000000,Z,,
0.980941000000000,S,,
0.981029000000000,w,,
0.981118000000000,W,,
0.981206000000000,4,,
0.981294000000000,W,,
0.981382000000000,h,,
0.981470000000000,3,,
0.981558000000000,K,,
0.981646000000000,5,,
0.981735000000000,2,,
0.981823000000000,r,,
0.981911000000000,z,,
0.981999000000000,v,,
0.982087000000000,u,,
0.982175000000000,g,,
0.982264000000000,2,,
0.982352000000000,u,,
0.982440000000000,T,,
0.982528000000000,j,,
0.982616000000000,w,,
0.982704000000000,c,,
0.982792000000000,V,,
0.982881000000000,W,,
0.982969000000000,p,,
0.983057000000000,P,,
0.983145000000000,c,,
0.983233000000000,0,,
0.983321000000000,j,,
0.983410000000000,B,,
0.983498000000000,4,,
0.983586000000000,z,,
0.983674000000000,X,,
0.983762000000000,9,,
0.983850000000000,e,,
0.983939000000000,g,,
0.984027000000000,g,,
0.984115000000000,4,,
0.984203000000000,X,,
0.984291000000000,A,,
0.984379000000000,M,,
0.984467000000000,X,,
0.984556000000000,K,,
0.984644000000000,0,,
0.984732000000000,O,,
0.984820000000000,5,,
0.984908000000000,X,,
0.984996000000000,N,,
0.985085000000000,V,,
0.985173000000000,V,,
0.985261000000000,q,,
0.985349000000000,P,,
0.985437000000000,2,,
0.985525000000000,j,,
0.985613000000000,v,,
0.985702000000000,q,,
0.985790000000000,5,,
0.985878000000000,a,,
0.985966000000000,g,,
0.986054000000000,a,,
0.986142000000000,u,,
0.986231000000000,j,,
0.986319000000000,M,,
0.986407000000000,C,,
0.986495000000000,U,,
0.986583000000000,\r,,
0.986671000000000,\n,,
0.986760000000000,j,,
0.986848000000000,r,,
0.986936000000000,0,,
0.987024000000000,e,,
0.987112000000000,P,,
0.987200000000000,J,,
0.987288000000000,T,,
0.987377000000000,x,,
0.987465000000000,Z,,
0.987553000000000,l,,
0.987641000000000,y,,
0.987729000000000,t,,
0.987817000000000,D,,
0.987906000000000,q,,
0.987994000000000,V,,
0.988082000000000,z,,
0.988170000000000,V,,
0.988258000000000,W,,
0.988346000000000,6,,
0.988434000000000,H,,
0.988523000000000,M,,
0.988611000000000,9,,
0.988699000000000,N,,
0.988787000000000,6,,
0.988875000000000,P,,
0.988963000000000,1,,
0.989052000000000,e,,
0.989140000000000,N,,
0.989228000000000,c,,
0.989316000000000,a,,
0.989404000000000,m,,
0.989492000000000,e,,
0.989581000000000,Q,,
0.989669000000000,x,,
0.989757000000000,k,,
0.989845000000000,v,,
0.989933000000000,W,,
0.990021000000000,i,,
0.990109000000000,O,,
0.990198000000000,v,,
0.990286000000000,E,,
0.990374000000000,a,,
0.990462000000000,K,,
0.990550000000000,J,,
0.990638000000000,h,,
0.990727000000000,6,,
0.990815000000000,t,,
0.990903000000000,D,,
0.990991000000000,h,,
0.991079000000000,x,,
0.991167000000000,/,,
0.991255000000000,9,,
0.991344000000000,w,,
0.991432000000000,5,,
0.991520000000000,k,,
0.991608000000000,/,,
0.991696000000000,o,,
0.991784000000000,8,,
0.991873000000000,c,,
0.991961000000000,e,,
0.992049000000000,f,,
0.992137000000000,+,,
0.992225000000000,L,,
0.992313000000000,I,,
0.992402000000000,0,,
0.992490000000000,Z,,
0.992578000000000,w,,
0.992666000000000,P,,
0.992754000000000,2,,
0.992842000000000,r,,
0.992930000000000,q,,
0.993019000000000,E,,
0.993107000000000,s,,
0.993195000000000,X,,
0.993283000000000,1,,
0.993371000000000,f,,
0.993459000000000,\r,,
0.993548000000000,\n,,
0.993636000000000,2,,
0.993724000000000,n,,
0.993812000000000,/,,
0.993900000000000,s,,
0.993988000000000,s,,
0.994076000000000,d,,
0.994165000000000,a,,
0.994253000000000,F,,
0.994341000000000,T,,
0.994429000000000,c,,
0.994517000000000,x,,
0.994605000000000,f,,
0.994694000000000,8,,
0.994782000000000,O,,
0.994870000000000,X,,
0.994958000000000,7,,
0.995046000000000,H,,
0.995134000000000,R,,
0.995223000000000,f,,
0.995311000000000,S,,
0.995399000000000,e,,
0.995487000000000,V,,
0.995575000000000,f,,
0.995663000000000,9,,
0.995751000000000,Q,,
0.995840000000000,d,,
0.995928000000000,l,,
0.996016000000000,c,,
0.996104000000000,l,,
0.996192000000000,Y,,
0.996280000000000,W,,
0.996369000000000,m,,
0.996457000000000,2,,
0.996545000000000,Z,,
0.996633000000000,u,,
0.996721000000000,h,,
0.996809000000000,n,,
0.996897000000000,6,,
0.996986000000000,v,,
0.997074000000000,B,,
0.997162000000000,8,,
0.997250000000000,o,,
0.997338000000000,f,,
0.997426000000000,U,,
0.997515000000000,j,,
0.997603000000000,V,,
0.997691000000000,V,,
0.997779000000000,l,,
0.997867000000000,/,,
0.997955000000000,e,,
0.998044000000000,k,,
0.998132000000000,p,,
0.998220000000000,V,,
0.998308000000000,2,,
0.998396000000000,x,,
0.998484000000000,g,,
0.998572000000000,k,,
0.998661000000000,M,,
0.998749000000000,T,,
0.998837000000000,X,,
0.998925000000000,1,,
0.999013000000000,e,,
0.999101000000000,Z,,
0.999190000000000,X,,
0.999278000000000,v,,
0.999366000000000,j,,
0.999454000000000,o,,
0.999542000000000,e,,
0.999630000000000,a,,
0.999718000000000,s,,
0.999807000000000,a,,
0.999895000000000,/,,
0.999983000000000,+,,
1.000071000000000,k,,
1.000159000000000,c,,
1.000247000000000,D,,
1.000336000000000,\r,,
1.000424000000000,\n,,
1.000512000000000,6,,
1.000600000000000,c,,
1.000688000000000,Z,,
1.000776000000000,i,,
1.000865000000000,n,,
1.000953000000000,+,,
1.001041000000000,P,,
1.001129000000000,J,,
1.001217000000000,r,,
1.001305000000000,0,,
1.001393000000000,2,,
1.001482000000000,G,,
1.001570000000000,S,,
1.001658000000000,U,,
1.001746000000000,a,,
1.001834000000000,O,,
1.001922000000000,W,,
1.002011000000000,9,,
1.002099000000000,9,,
1.002187000000000,W,,
1.002275000000000,u,,
1.002363000000000,K,,
1.002451000000000,s,,
1.002539000000000,j,,
1.002628000000000,B,,
1.002716000000000,6,,
1.002804000000000,O,,
1.002892000000000,D,,
1.002980000000000,X,,
1.003068000000000,0,,
1.003157000000000,+,,
1.003245000000000,G,,
1.003333000000000,P,,
1.003421000000000,g,,
1.003509000000000,x,,
1.003597000000000,O,,
1.003686000000000,R,,
1.003774000000000,O,,
1.003862000000000,e,,
1.003950000000000,s,,
1.004038000000000,G,,
1.004126000000000,8,,
1.004214000000000,u,,
1.004303000000000,+,,
1.004391000000000,0,,
1.004479000000000,u,,
1.004567000000000,p,,
1.004655000000000,Q,,
1.004743000000000,N,,
1.004832000000000,l,,
1.004920000000000,c,,
1.005008000000000,P,,
1.005096000000000,R,,
1.005184000000000,b,,
1.005272000000000,+,,
1.005360000000000,G,,
1.005449000000000,2,,
1.005537000000000,Z,,
1.005625000000000,u,,
1.005713000000000,h,,
1.005801000000000,p,,
1.005889000000000,6,,
1.005978000000000,v,,
1.006066000000000,B,,
1.006154000000000,t,,
1.006242000000000,q,,
1.006330000000000,3,,
1.006418000000000,q,,
1.006506000000000,V,,
1.006595000000000,x,,
1.006683000000000,v,,
1.006771000000000,l,,
1.006859000000000,X,,
1.006947000000000,f,,
1.007035000000000,s,,
1.007124000000000,N,,
1.007212000000000,\r,,
1.007300000000000,\n,,
1.007388000000000,V,,
1.007476000000000,r,,
1.007564000000000,1,,
1.007653000000000,d,,
1.007741000000000,f,,
1.007829000000000,e,,
1.007917000000000,p,,
1.008005000000000,k,,
1.008093000000000,P,,
1.008181000000000,M,,
1.008270000000000,l,,
1.008358000000000,1,,
1.008446000000000,m,,
1.008534000000000,l,,
1.008622000000000,N,,
1.008710000000000,P,,
1.008799000000000,Z,,
1.008887000000000,+,,
1.008975000000000,z,,
1.009063000000000,z,,
1.009151000000000,G,,
1.009239000000000,n,,
1.009327000000000,p,,
1.009416000000000,m,,
1.009504000000000,R,,
1.009592000000000,0,,
1.009680000000000,r,,
1.009768000000000,U,,
1.009856000000000,F,,
1.009945000000000,o,,
1.010033000000000,P,,
1.010121000000000,f,,
1.010209000000000,S,,
1.010297000000000,N,,
1.010385000000000,t,,
1.010474000000000,a,,
1.010562000000000,u,,
1.010650000000000,K,,
1.010738000000000,u,,
1.010826000000000,h,,
1.010914000000000,Z,,
1.011002000000000,0,,
1.011091000000000,P,,
1.011179000000000,X,,
1.011267000000000,Z,,
1.011355000000000,a,,
1.011443000000000,c,,
1.011531000000000,b,,
1.011620000000000,P,,
1.011708000000000,Z,,
1.011796000000000,3,,
1.011884000000000,1,,
1.011972000000000,+,,
1.012060000000000,S,,
1.012148000000000,t,,
1.012237000000000,F,,
1.012325000000000,y,,
1.012413000000000,V,,
1.012501000000000,w,,
1.012589000000000,V,,
1.012677000000000,6,,
1.012766000000000,1,,
1.012854000000000,r,,
1.012942000000000,3,,
1.013030000000000,R,,
1.013118000000000,1,,
1.013206000000000,9,,
1.013295000000000,X,,
1.013383000000000,j,,
1.013471000000000,b,,
1.013559000000000,t,,
1.013647000000000,o,,
1.013735000000000,a,,
1.013823000000000,3,,
1.013912000000000,C,,
1.014000000000000,q,,
1.014088000000000,\r,,
1.014176000000000,\n,,
1.014264000000000,7,,
1.014352000000000,7,,
1.014441000000000,T,,
1.014529000000000,T,,
1.014617000000000,M,,
1.014705000000000,7,,
1.014793000000000,Q,,
1.014881000000000,s,,
1.014969000000000,/,,
1.015058000000000,F,,
1.015146000000000,x,,
1.015234000000000,9,,
1.015322000000000,O,,
1.015410000000000,r,,
1.015498000000000,6,,
1.015587000000000,M,,
1.015675000000000,F,,
1.015763000000000,r,,
1.015851000000000,V,,
1.015939000000000,8,,
1.016027000000000,8,,
1.016116000000000,i,,
1.016204000000000,l,,
1.016292000000000,H,,
1.016380000000000,o,,
1.016468000000000,6,,
1.016556000000000,M,,
1.016644000000000,b,,
1.016733000000000,X,,
1.016821000000000,a,,
1.016909000000000,b,,
1.016997000000000,O,,
1.017085000000000,c,,
1.017173000000000,N,,
1.017262000000000,u,,
1.017350000000000,Z,,
1.017438000000000,z,,
1.017526000000000,r,,
1.017614000000000,s,,
1.017702000000000,6,,
1.017790000000000,K,,
1.017879000000000,0,,
1.017967000000000,f,,
1.018055000000000,O,,
1.018143000000000,O,,
1.018231000000000,j,,
1.018319000000000,/,,
1.018408000000000,Z,,
1.018496000000000,N,,
1.018584000000000,6,,
1.018672000000000,N,,
1.018760000000000,M,,
1.018848000000000,9,,
1.018937000000000,S,,
1.019025000000000,X,,
1.019113000000000,f,,
1.019201000000000,z,,
1.019289000000000,P,,
1.019377000000000,w,,
1.019465000000000,B,,
1.019554000000000,V,,
1.019642000000000,I,,
1.019730000000000,l,,
1.019818000000000,y,,
1.019906000000000,u,,
1.019994000000000,S,,
1.020083000000000,q,,
1.020171000000000,O,,
1.020259000000000,R,,
1.020347000000000,e,,
1.020435000000000,N,,
1.020523000000000,O,,
1.020611000000000,b,,
1.020700000000000,1,,
1.020788000000000,d,,
1.020876000000000,1,,
1.020964000000000,\r,,
1.021052000000000,\n,,
1.021140000000000,i,,
1.021229000000000,k,,
1.021317000000000,q,,
1.021405000000000,4,,
1.021493000000000,e,,
1.021581000000000,U,,
1.021669000000000,a,,
1.021758000000000,F,,
1.021846000000000,j,,
1.021934000000000,V,,
1.022022000000000,6,,
1.022110000000000,D,,
1.022198000000000,1,,
1.022286000000000,U,,
1.022375000000000,B,,
1.022463000000000,r,,
1.022551000000000,M,,
1.022639000000000,r,,
1.022727000000000,H,,
1.022815000000000,K,,
1.022904000000000,d,,
1.022992000000000,S,,
1.023080000000000,S,,
1.023168000000000,8,,
1.023256000000000,r,,
1.023344000000000,v,,
1.023432000000000,k,,
1.023521000000000,t,,
1.023609000000000,I,,
1.023697000000000,z,,
1.023785000000000,3,,
1.023873000000000,R,,
1.023961000000000,5,,
1.024050000000000,N,,
1.024138000000000,h,,
1.024226000000000,2,,
1.024314000000000,a,,
1.024402000000000,5,,
1.024490000000000,t,,
1.024579000000000,P,,
1.024667000000000,r,,
1.024755000000000,b,,
1.024843000000000,a,,
1.024931000000000,f,,
1.025019000000000,L,,
1.025107000000000,u,,
1.025196000000000,x,,
1.025284000000000,K,,
1.025372000000000,2,,
1.025460000000000,l,,
1.025548000000000,O,,
1.025636000000000,8,,
1.025725000000000,q,,
1.025813000000000,y,,
1.025901000000000,m,,
1.025989000000000,Z,,
1.026077000000000,T,,
1.026165000000000,j,,
1.026253000000000,7,,
1.026342000000000,3,,
1.026430000000000,b,,
1.026518000000000,d,,
1.026606000000000,c,,
1.026694000000000,n,,
1.026782000000000,E,,
1.026871000000000,5,,
1.026959000000000,2,,
1.027047000000000,f,,
1.027135000000000,z,,
1.027223000000000,U,,
1.027311000000000,j,,
1.027400000000000,t,,
1.027488000000000,r,,
1.027576000000000,R,,
1.027664000000000,j,,
1.027752000000000,l,,
1.027840000000000,\r,,
1.027928000000000,\n,,
1.028017000000000,c,,
1.028105000000000,l,,
1.028193000000000,U,,
1.028281000000000,c,,
1.028369000000000,i,,
1.028457000000000,2,,
1.028546000000000,L,,
1.028634000000000,3,,
1.028722000000000,3,,
1.028810000000000,q,,
1.028898000000000,6,,
1.028986000000000,a,,
1.029074000000000,m,,
1.029163000000000,w,,
1.029251000000000,i,,
1.029339000000000,m,,
1.029427000000000,R,,
1.029515000000000,w,,
1.029603000000000,F,,
1.029692000000000,6,,
1.029780000000000,L,,
1.029868000000000,9,,
1.029956000000000,b,,
1.030044000000000,d,,
1.030132000000000,O,,
1.030221000000000,Y,,
1.030309000000000,M,,
1.030397000000000,1,,
1.030485000000000,0,,
1.030573000000000,e,,
1.030661000000000,T,,
1.030749000000000,c,,
1.030838000000000,e,,
1.030926000000000,d,,
1.031014000000000,e,,
1.031102000000000,R,,
1.031190000000000,8,,
1.031278000000000,L,,
1.031367000000000,q,,
1.031455000000000,1,,
1.031543000000000,D,,
1.031631000000000,n,,
1.031719000000000,+,,
1.031807000000000,m,,
1.031895000000000,7,,
1.031984000000000,8,,
1.032072000000000,b,,
1.032160000000000,f,,
1.032248000000000,s,,
1.032336000000000,T,,
1.032424000000000,S,,
1.032513000000000,5,,
1.032601000000000,Z,,
1.032689000000000,b,,
1.032777000000000,P,,
1.032865000000000,r,,
1.032953000000000,d,,
1.033041000000000,C,,
1.033130000000000,G,,
1.033218000000000,5,,
1.033306000000000,j,,
1.033394000000000,a,,
1.033482000000000,F,,
1.033570000000000,4,,
1.033659000000000,V,,
1.033747000000000,0,,
1.033835000000000,e,,
1.033923000000000,P,,
1.034011000000000,R,,
1.034099000000000,y,,
1.034188000000000,8,,
1.034276000000000,f,,
1.034364000000000,P,,
1.034452000000000,O,,
1.034540000000000,L,,
1.034628000000000,4,,
1.034716000000000,\r,,
1.034805000000000,\n,,
1.034893000000000,Y,,
1.034981000000000,B,,
1.035069000000000,e,,
1.035157000000000,e,,
1.035245000000000,j,,
1.035334000000000,8,,
1.035422000000000,4,,
1.035510000000000,4,,
1.035598000000000,k,,
1.035686000000000,f,,
1.035774000000000,0,,
1.035862000000000,D,,
1.035951000000000,q,,
1.036039000000000,B,,
1.036127000000000,K,,
1.036215000000000,l,,
1.036303000000000,c,,
1.036391000000000,l,,
1.036480000000000,W,,
1.036568000000000,i,,
1.036656000000000,T,,
1.036744000000000,2,,
1.036832000000000,K,,
1.036920000000000,Y,,
1.037009000000000,v,,
1.037097000000000,6,,
1.037185000000000,v,,
1.037273000000000,G,,
1.037361000000000,5,,
1.037449000000000,q,,
1.037537000000000,y,,
1.037626000000000,R,,
1.037714000000000,W,,
1.037802000000000,3,,
1.037890000000000,U,,
1.037978000000000,6,,
1.038066000000000,Q,,
1.038155000000000,f,,
1.038243000000000,Z,,
1.038331000000000,g,,
1.038419000000000,N,,
1.038507000000000,f,,
1.038595000000000,B,,
1.038683000000000,y,,
1.038772000000000,9,,
1.038860000000000,Y,,
1.038948000000000,9,,
1.039036000000000,1,,
1.039124000000000,S,,
1.039212000000000,C,,
1.039301000000000,x,,
1.039389000000000,t,,
1.039477000000000,X,,
1.039565000000000,b,,
1.039653000000000,r,,
1.039741000000000,9,,
1.039830000000000,+,,
1.039918000000000,K,,
1.040006000000000,5,,
1.040094000000000,Y,,
1.040182000000000,O,,
1.040270000000000,4,,
1.040358000000000,k,,
1.040447000000000,t,,
1.040535000000000,i,,
1.040623000000000,m,,
1.040711000000000,1,,
1.040799000000000,0,,
1.040887000000000,p,,
1.040976000000000,X,,
1.041064000000000,Y,,
1.041152000000000,z,,
1.041240000000000,v,,
1.041328000000000,O,,
1.041416000000000,A,,
1.041504000000000,Y,,
1.041593000000000,\r,,
1.041681000000000,\n,,
1.041769000000000,N,,
1.041857000000000,d,,
1.041945000000000,8,,
1.042033000000000,b,,
1.042122000000000,j,,
1.042210000000000,f,,
1.042298000000000,t,,
1.042386000000000,f,,
1.042474000000000,3,,
1.042562000000000,G,,
1.042651000000000,I,,
1.042739000000000,/,,
1.042827000000000,X,,
1.042915000000000,k,,
1.043003000000000,X,,
1.043091000000000,K,,
1.043179000000000,5,,
1.043268000000000,K,,
1.043356000000000,q,,
1.043444000000000,E,,
1.043532000000000,R,,
1.043620000000000,F,,
1.043708000000000,X,,
1.043797000000000,e,,
1.043885000000000,c,,
1.043973000000000,w,,
1.044061000000000,F,,
1.044149000000000,X,,
1.044237000000000,j,,
1.044325000000000,R,,
1.044414000000000,j,,
1.044502000000000,V,,
1.044590000000000,I,,
1.044678000000000,8,,
1.044766000000000,+,,
1.044854000000000,o,,
1.044943000000000,L,,
1.045031000000000,d,,
1.045119000000000,Y,,
1.045207000000000,b,,
1.045295000000000,8,,
1.045383000000000,9,,
1.045472000000000,7,,
1.045560000000000,m,,
1.045648000000000,4,,
1.045736000000000,a,,
1.045824000000000,o,,
1.045912000000000,w,,
1.046000000000000,/,,
1.046089000000000,t,,
1.046177000000000,W,,
1.046265000000000,F,,
1.046353000000000,Y,,
1.046441000000000,8,,
1.046529000000000,1,,
1.046618000000000,g,,
1.046706000000000,4,,
1.046794000000000,P,,
1.046882000000000,z,,
1.046970000000000,h,,
1.047058000000000,P,,
1.047146000000000,z,,
1.047235000000000,G,,
1.047323000000000,m,,
1.047411000000000,6,,
1.047499000000000,a,,
1.047587000000000,n,,
1.047675000000000,d,,
1.047764000000000,h,,
1.047852000000000,k,,
1.047940000000000,Y,,
1.048028000000000,y,,
1.048116000000000,T,,
1.048204000000000,T,,
1.048293000000000,j,,
1.048381000000000,y,,
1.048469000000000,\r,,
1.048557000000000,\n,,
1.048645000000000,3,,
1.048733000000000,S,,
1.048821000000000,9,,
1.048910000000000,P,,
1.048998000000000,z,,
1.049086000000000,W,,
1.049174000000000,6,,
1.049262000000000,L,,
1.049350000000000,G,,
1.049439000000000,R,,
1.049527000000000,3,,
1.049615000000000,7,,
1.049703000000000,3,,
1.049791000000000,s,,
1.049879000000000,5,,
1.049967000000000,T,,
1.050056000000000,R,,
1.050144000000000,l,,
1.050232000000000,M,,
1.050320000000000,H,,
1.050408000000000,L,,
1.050496000000000,3,,
1.050585000000000,b,,
1.050673000000000,a,,
1.050761000000000,1,,
1.050849000000000,U,,
1.050937000000000,s,,
1.051025000000000,v,,
1.051114000000000,R,,
1.051202000000000,6,,
1.051290000000000,8,,
1.051378000000000,6,,
1.051466000000000,Z,,
1.051554000000000,v,,
1.051642000000000,l,,
1.051731000000000,N,,
1.051819000000000,y,,
1.051907000000000,f,,
1.051995000000000,9,,
1.052083000000000,9,,
1.052171000000000,x,,
1.052260000000000,b,,
1.052348000000000,m,,
1.052436000000000,6,,
1.052524000000000,X,,
1.052612000000000,D,,
1.052700000000000,1,,
1.052788000000000,K,,
1.052877000000000,5,,
1.052965000000000,K,,
1.053053000000000,q,,
1.053141000000000,q,,
1.053229000000000,T,,
1.053317000000000,6,,
1.053406000000000,E,,
1.053494000000000,q,,
1.053582000000000,q,,
1.053670000000000,R,,
1.053758000000000,R,,
1.053846000000000,w,,
1.053935000000000,1,,
1.054023000000000,c,,
1.054111000000000,y,,
1.054199000000000,7,,
1.054287000000000,V,,
1.054375000000000,u,,
1.054463000000000,Q,,
1.054552000000000,M,,
1.054640000000000,V,,
1.054728000000000,o,,
1.054816000000000,M,,
1.054904000000000,C,,
1.054992000000000,r,,
1.055081000000000,o,,
1.055169000000000,6,,
1.055257000000000,/,,
1.055345000000000,\r,,
1.055433000000000,\n,,
1.055521000000000,q,,
1.055609000000000,k,,
1.055698000000000,N,,
1.055786000000000,f,,
1.055874000000000,l,,
1.055962000000000,4,,
1.056050000000000,y,,
1.056138000000000,p,,
1.056227000000000,e,,
1.056315000000000,r,,
1.056403000000000,I,,
1.056491000000000,L,,
1.056579000000000,n,,
1.056667000000000,X,,
1.056755000000000,g,,
1.056844000000000,7,,
1.056932000000000,+,,
1.057020000000000,f,,
1.057108000000000,3,,
1.057196000000000,4,,
1.057284000000000,V,,
1.057373000000000,f,,
1.057461000000000,/,,
1.057549000000000,g,,
1.057637000000000,h,,
1.057725000000000,/,,
1.057813000000000,p,,
1.057902000000000,d,,
1.057990000000000,8,,
1.058078000000000,V,,
1.058166000000000,h,,
1.058254000000000,T,,
1.058342000000000,G,,
1.058430000000000,1,,
1.058519000000000,0,,
1.058607000000000,1,,
1.058695000000000,X,,
1.058783000000000,4,,
1.058871000000000,h,,
1.058959000000000,e,,
1.059048000000000,b,,
1.059136000000000,N,,
1.059224000000000,g,,
1.059312000000000,r,,
1.059400000000000,e,,
1.059488000000000,V,,
1.059576000000000,y,,
1.059665000000000,a,,
1.059753000000000,i,,
1.059841000000000,A,,
1.059929000000000,7,,
1.060017000000000,f,,
1.060105000000000,k,,
1.060194000000000,/,,
1.060282000000000,c,,
1.060370000000000,T,,
1.060458000000000,q,,
1.060546000000000,B,,
1.060634000000000,A,,
1.060723000000000,l,,
1.060811000000000,c,,
1.060899000000000,l,,
1.060987000000000,X,,
1.061075000000000,W,,
1.061163000000000,7,,
1.061251000000000,2,,
1.061340000000000,9,,
1.061428000000000,Q,,
1.061516000000000,s,,
1.061604000000000,4,,
1.061692000000000,E,,
1.061780000000000,i,,
1.061869000000000,r,,
1.061957000000000,i,,
1.062045000000000,Z,,
1.062133000000000,z,,
1.062221000000000,\r,,
1.062309000000000,\n,,
1.062397000000000,X,,
1.062486000000000,k,,
1.062574000000000,O,,
1.062662000000000,f,,
1.062750000000000,I,,
1.062838000000000,h,,
1.062926000000000,f,,
1.063015000000000,B,,
1.063103000000000,+,,
1.063191000000000,X,,
1.063279000000000,O,,
1.063367000000000,t,,
1.063455000000000,U,,
1.063544000000000,z,,
1.063632000000000,e,,
1.063720000000000,n,,
1.063808000000000,b,,
1.063896000000000,k,,
1.063984000000000,9,,
1.064072000000000,x,,
1.064161000000000,g,,
1.064249000000000,X,,
1.064337000000000,a,,
1.064425000000000,t,,
1.064513000000000,N,,
1.064601000000000,L,,
1.064690000000000,9,,
1.064778000000000,r,,
1.064866000000000,m,,
1.064954000000000,6,,
1.065042000000000,+,,
1.065130000000000,p,,
1.065218000000000,2,,
1.065307000000000,G,,
1.065395000000000,m,,
1.065483000000000,i,,
1.065571000000000,6,,
1.065659000000000,o,,
1.065747000000000,s,,
1.065836000000000,e,,
1.065924000000000,N,,
1.066012000000000,y,,
1.066100000000000,f,,
1.066188000000000,3,,
1.066276000000000,b,,
1.066365000000000,0,,
1.066453000000000,2,,
1.066541000000000,/,,
1.066629000000000,6,,
1.066717000000000,0,,
1.066805000000000,f,,
1.066893000000000,q,,
1.066982000000000,K,,
1.067070000000000,z,,
1.067158000000000,4,,
1.067246000000000,e,,
1.067334000000000,d,,
1.067422000000000,m,,
1.067511000000000,i,,
1.067599000000000,n,,
1.067687000000000,q,,
1.067775000000000,y,,
1.067863000000000,d,,
1.067951000000000,f,,
1.068039000000000,j,,
1.068128000000000,1,,
1.068216000000000,6,,
1.068304000000000,1,,
1.068392000000000,3,,
1.068480000000000,z,,
1.068568000000000,h,,
1.068657000000000,l,,
1.068745000000000,j,,
1.068833000000000,F,,
1.068921000000000,C,,
1.069009000000000,f,,
1.069097000000000,\r,,
1.069186000000000,\n,,
1.069274000000000,4,,
1.069362000000000,G,,
1.069450000000000,r,,
1.069538000000000,Q,,
1.069626000000000,R,,
1.069714000000000,V,,
1.069803000000000,c,,
1.069891000000000,L,,
1.069979000000000,Y,,
1.070067000000000,e,,
1.070155000000000,t,,
1.070243000000000,s,,
1.070332000000000,V,,
1.070420000000000,b,,
1.070508000000000,T,,
1.070596000000000,5,,
1.070684000000000,2,,
1.070772000000000,R,,
1.070860000000000,i,,
1.070949000000000,Y,,
1.071037000000000,F,,
1.071125000000000,X,,
1.071213000000000,J,,
1.071301000000000,V,,
1.071389000000000,h,,
1.071478000000000,W,,
1.071566000000000,a,,
1.071654000000000,V,,
1.071742000000000,E,,
1.071830000000000,P,,
1.071918000000000,P,,
1.072007000000000,y,,
1.072095000000000,3,,
1.072183000000000,y,,
1.072271000000000,O,,
1.072359000000000,u,,
1.072447000000000,p,,
1.072535000000000,n,,
1.072624000000000,u,,
1.072712000000000,I,,
1.072800000000000,C,,
1.072888000000000,Z,,
1.072976000000000,Q,,
1.073064000000000,S,,
1.073153000000000,7,,
1.073241000000000,4,,
1.073329000000000,j,,
1.073417000000000,S,,
1.073505000000000,L,,
1.073593000000000,j,,
1.073681000000000,7,,
1.073770000000000,P,,
1.073858000000000,V,,
1.073946000000000,u,,
1.074034000000000,N,,
1.074122000000000,I,,
1.074210000000000,6,,
1.074299000000000,0,,
1.074387000000000,h,,
1.074475000000000,Z,,
1.074563000000000,p,,
1.074651000000000,3,,
1.074739000000000,5,,
1.074828000000000,f,,
1.074916000000000,7,,
1.075004000000000,r,,
1.075092000000000,Q,,
1.075180000000000,r,,
1.075268000000000,F,,
1.075356000000000,W,,
1.075445000000000,K,,
1.075533000000000,d,,
1.075621000000000,u,,
1.075709000000000,G,,
1.075797000000000,T,,
1.075885000000000,p,,
1.075974000000000,\r,,
1.076062000000000,\n,,
1.076150000000000,S,,
1.076238000000000,M,,
1.076326000000000,2,,
1.076414000000000,9,,
1.076502000000000,X,,
1.076591000000000,M,,
1.076679000000000,P,,
1.076767000000000,Z,,
1.076855000000000,S,,
1.076943000000000,l,,
1.077031000000000,L,,
1.077120000000000,Q,,
1.077208000000000,t,,
1.077296000000000,Z,,
1.077384000000000,R,,
1.077472000000000,k,,
1.077560000000000,X,,
1.077649000000000,X,,
1.077737000000000,N,,
1.077825000000000,V,,
1.077913000000000,w,,
1.078001000000000,k,,
1.078089000000000,5,,
1.078177000000000,m,,
1.078266000000000,Z,,
1.078354000000000,l,,
1.078442000000000,8,,
1.078530000000000,x,,
1.078618000000000,V,,
1.078706000000000,4,,
1.078795000000000,3,,
1.078883000000000,A,,
1.078971000000000,V,,
1.079059000000000,b,,
1.079147000000000,I,,
1.079235000000000,h,,
1.079323000000000,J,,
1.079412000000000,1,,
1.079500000000000,t,,
1.079588000000000,e,,
1.079676000000000,d,,
1.079764000000000,P,,
1.079852000000000,V,,
1.079941000000000,g,,
1.080029000000000,C,,
1.080117000000000,m,,
1.080205000000000,Q,,
1.080293000000000,R,,
1.080381000000000,T,,
1.080470000000000,8,,
1.080558000000000,3,,
1.080646000000000,Y,,
1.080734000000000,Y,,
1.080822000000000,9,,
1.080910000000000,+,,
1.080998000000000,y,,
1.081087000000000,y,,
1.081175000000000,7,,
1.081263000000000,8,,
1.081351000000000,u,,
1.081439000000000,r,,
1.081527000000000,1,,
1.081616000000000,r,,
1.081704000000000,L,,
1.081792000000000,a,,
1.081880000000000,+,,
1.081968000000000,j,,
1.082056000000000,N,,
1.082144000000000,j,,
1.082233000000000,G,,
1.082321000000000,9,,
1.082409000000000,0,,
1.082497000000000,3,,
1.082585000000000,J,,
1.082673000000000,U,,
1.082762000000000,s,,
1.082850000000000,\r,,
1.082938000000000,\n,,
1.083026000000000,S,,
1.083114000000000,6,,
1.083202000000000,V,,
1.083290000000000,3,,
1.083379000000000,N,,
1.083467000000000,A,,
1.083555000000000,Q,,
1.083643000000000,6,,
1.083731000000000,p,,
1.083819000000000,l,,
1.083908000000000,W,,
1.083996000000000,j,,
1.084084000000000,4,,
1.084172000000000,G,,
1.084260000000000,p,,
1.084348000000000,Q,,
1.084437000000000,I,,
1.084525000000000,l,,
1.084613000000000,f,,
1.084701000000000,l,,
1.084789000000000,N,,
1.084877000000000,2,,
1.084965000000000,L,,
1.085054000000000,m,,
1.085142000000000,7,,
1.085230000000000,x,,
1.085318000000000,V,,
1.085406000000000,z,,
1.085494000000000,N,,
1.085583000000000,T,,
1.085671000000000,E,,
1.085759000000000,F,,
1.085847000000000,3,,
1.085935000000000,5,,
1.086023000000000,s,,
1.086111000000000,7,,
1.086200000000000,W,,
1.086288000000000,J,,
1.086376000000000,3,,
1.086464000000000,m,,
1.086552000000000,4,,
1.086640000000000,e,,
1.086729000000000,h,,
1.086817000000000,O,,
1.086905000000000,9,,
1.086993000000000,2,,
1.087081000000000,j,,
1.087169000000000,K,,
1.087258000000000,a,,
1.087346000000000,0,,
1.087434000000000,M,,
1.087522000000000,g,,
1.087610000000000,W,,
1.087698000000000,6,,
1.087786000000000,a,,
1.087875000000000,2,,
1.087963000000000,L,,
1.088051000000000,v,,
1.088139000000000,5,,
1.088227000000000,m,,
1.088315000000000,j,,
1.088404000000000,j,,
1.088492000000000,1,,
1.088580000000000,F,,
1.088668000000000,f,,
1.088756000000000,d,,
1.088844000000000,f,,
1.088932000000000,i,,
1.089021000000000,p,,
1.089109000000000,4,,
1.089197000000000,q,,
1.089285000000000,L,,
1.089373000000000,H,,
1.089461000000000,j,,
1.089550000000000,e,,
1.089638000000000,X,,
1.089726000000000,\r,,
1.089814000000000,\n,,
1.089902000000000,+,,
1.089990000000000,d,,
1.090079000000000,v,,
1.090167000000000,q,,
1.090255000000000,y,,
1.090343000000000,t,,
1.090431000000000,5,,
1.090519000000000,U,,
1.090607000000000,h,,
1.090696000000000,I,,
1.090784000000000,h,,
1.090872000000000,c,,
1.090960000000000,o,,
1.091048000000000,+,,
1.091136000000000,B,,
1.091225000000000,q,,
1.091313000000000,U,,
1.091401000000000,B,,
1.091489000000000,5,,
1.091577000000000,X,,
1.091665000000000,z,,
1.091753000000000,0,,
1.091842000000000,R,,
1.091930000000000,R,,
1.092018000000000,y,,
1.092106000000000,V,,
1.092194000000000,j,,
1.092282000000000,s,,
1.092371000000000,s,,
1.092459000000000,a,,
1.092547000000000,C,,
1.092635000000000,r,,
1.092723000000000,R,,
1.092811000000000,s,,
1.092900000000000,a,,
1.092988000000000,q,,
1.093076000000000,1,,
1.093164000000000,2,,
1.093252000000000,D,,
1.093340000000000,V,,
1.093428000000000,u,,
1.093517000000000,P,,
1.093605000000000,z,,
1.093693000000000,0,,
1.093781000000000,Q,,
1.093869000000000,q,,
1.093957000000000,Q,,
1.094046000000000,h,,
1.094134000000000,k,,
1.094222000000000,D,,
1.094310000000000,V,,
1.094398000000000,T,,
1.094486000000000,W,,
1.094574000000000,6,,
1.094663000000000,U,,
1.094751000000000,i,,
1.094839000000000,m,,
1.094927000000000,v,,
1.095015000000000,e,,
1.095103000000000,u,,
1.095192000000000,P,,
1.095280000000000,d,,
1.095368000000000,F,,
1.095456000000000,r,,
1.095544000000000,r,,
1.095632000000000,i,,
1.095721000000000,n,,
1.095809000000000,N,,
1.095897000000000,m,,
1.095985000000000,2,,
1.096073000000000,/,,
1.096161000000000,Z,,
1.096249000000000,P,,
1.096338000000000,l,,
1.096426000000000,F,,
1.096514000000000,b,,
1.096602000000000,\r,,
1.096690000000000,\n,,
1.096778000000000,X,,
1.096867000000000,a,,
1.096955000000000,1,,
1.097043000000000,/,,
1.097131000000000,J,,
1.097219000000000,X,,
1.097307000000000,p,,
1.097395000000000,x,,
1.097484000000000,e,,
1.097572000000000,C,,
1.097660000000000,r,,
1.097748000000000,1,,
1.097836000000000,B,,
1.097924000000000,j,,
1.098013000000000,V,,
1.098101000000000,A,,
1.098189000000000,q,,
1.098277000000000,F,,
1.098365000000000,F,,
1.098453000000000,w,,
1.098542000000000,N,,
1.098630000000000,S,,
1.098718000000000,i,,
1.098806000000000,N,,
1.098894000000000,q,,
1.098982000000000,x,,
1.099070000000000,L,,
1.099159000000000,q,,
1.099247000000000,i,,
1.099335000000000,S,,
1.099423000000000,+,,
1.099511000000000,J,,
1.099599000000000,F,,
1.099688000000000,n,,
1.099776000000000,X,,
1.099864000000000,V,,
1.099952000000000,q,,
1.100040000000000,H,,
1.100128000000000,Q,,
1.100216000000000,Z,,
1.100305000000000,/,,
1.100393000000000,q,,
1.100481000000000,n,,
1.100569000000000,X,,
1.100657000000000,O,,
1.100745000000000,9,,
1.100834000000000,6,,
1.100922000000000,O,,
1.101010000000000,z,,
1.101098000000000,k,,
1.101186000000000,5,,
1.101274000000000,/,,
1.101363000000000,k,,
1.101451000000000,W,,
1.101539000000000,q,,
1.101627000000000,B,,
1.101715000000000,H,,
1.101803000000000,H,,
1.101891000000000,u,,
1.101980000000000,1,,
1.102068000000000,1,,
1.102156000000000,I,,
1.102244000000000,z,,
1.102332000000000,f,,
1.102420000000000,2,,
1.102509000000000,A,,
1.102597000000000,L,,
1.102685000000000,7,,
1.102773000000000,T,,
1.102861000000000,v,,
1.102949000000000,S,,
1.103037000000000,S,,
1.103126000000000,c,,
1.103214000000000,0,,
1.103302000000000,p,,
1.103390000000000,j,,
1.103478000000000,\r,,
1.103566000000000,\n,,
1.103655000000000,/,,
1.103743000000000,U,,
1.103831000000000,R,,
1.103919000000000,t,,
1.104007000000000,d,,
1.104095000000000,a,,
1.104184000000000,W,,
1.104272000000000,H,,
1.104360000000000,x,,
1.104448000000000,m,,
1.104536000000000,k,,
1.104624000000000,h,,
1.104712000000000,Z,,
1.104801000000000,X,,
1.104889000000000,3,,
1.104977000000000,V,,
1.105065000000000,o,,
1.105153000000000,n,,
1.105241000000000,G,,
1.105330000000000,V,,
1.105418000000000,K,,
1.105506000000000,Y,,
1.105594000000000,m,,
1.105682000000000,r,,
1.105770000000000,U,,
1.105858000000000,g,,
1.105947000000000,A,,
1.106035000000000,t,,
1.106123000000000,v,,
1.106211000000000,m,,
1.106299000000000,e,,
1.106387000000000,q,,
1.106476000000000,s,,
1.106564000000000,K,,
1.106652000000000,s,,
1.106740000000000,6,,
1.106828000000000,y,,
1.106916000000000,O,,
1.107004000000000,o,,
1.107093000000000,q,,
1.107181000000000,G,,
1.107269000000000,B,,
1.107357000000000,B,,
1.107445000000000,H,,
1.107533000000000,q,,
1.107622000000000,q,,
1.107710000000000,5,,
1.107798000000000,Y,,
1.107886000000000,c,,
1.107974000000000,k,,
1.108062000000000,C,,
1.108151000000000,0,,
1.108239000000000,Q,,
1.108327000000000,I,,
1.108415000000000,7,,
1.108503000000000,5,,
1.108591000000000,i,,
1.108679000000000,S,,
1.108768000000000,q,,
1.108856000000000,E,,
1.108944000000000,Z,,
1.109032000000000,a,,
1.109120000000000,5,,
1.109208000000000,z,,
1.109297000000000,j,,
1.109385000000000,o,,
1.109473000000000,5,,
1.109561000000000,9,,
1.109649000000000,7,,
1.109737000000000,9,,
1.109825000000000,0,,
1.109914000000000,/,,
1.110002000000000,e,,
1.110090000000000,3,,
1.110178000000000,b,,
1.110266000000000,w,,
1.110354000000000,\r,,
1.110443000000000,\n,,
1.110531000000000,z,,
1.110619000000000,1,,
1.110707000000000,1,,
1.110795000000000,D,,
1.110883000000000,5,,
1.110972000000000,W,,
1.111060000000000,g,,
1.111148000000000,r,,
1.111236000000000,Y,,
1.111324000000000,j,,
1.111412000000000,z,,
1.111500000000000,u,,
1.111589000000000,0,,
1.111677000000000,F,,
1.111765000000000,5,,
1.111853000000000,X,,
1.111941000000000,6,,
1.112029000000000,s,,
1.112118000000000,X,,
1.112206000000000,0,,
1.112294000000000,T,,
1.112382000000000,2,,
1.112470000000000,d,,
1.112558000000000,n,,
1.112646000000000,d,,
1.112735000000000,G,,
1.112823000000000,R,,
1.112911000000000,T,,
1.112999000000000,j,,
1.113087000000000,Y,,
1.113175000000000,K,,
1.113264000000000,r,,
1.113352000000000,Q,,
1.113440000000000,V,,
1.113528000000000,l,,
1.113616000000000,c,,
1.113704000000000,l,,
1.113793000000000,U,,
1.113881000000000,X,,
1.113969000000000,R,,
1.114057000000000,x,,
1.114145000000000,F,,
1.114233000000000,7,,
1.114321000000000,U,,
1.114410000000000,o,,
1.114498000000000,q,,
1.114586000000000,4,,
1.114674000000000,a,,
1.114762000000000,1,,
1.114850000000000,a,,
1.114939000000000,5,,
1.115027000000000,9,,
1.115115000000000,g,,
1.115203000000000,q,,
1.115291000000000,s,,
1.115379000000000,6,,
1.115467000000000,D,,
1.115556000000000,G,,
1.115644000000000,l,,
1.115732000000000,Z,,
1.115820000000000,V,,
1.115908000000000,l,,
1.115996000000000,c,,
1.116085000000000,C,,
1.116173000000000,v,,
1.116261000000000,f,,
1.116349000000000,6,,
1.116437000000000,k,,
1.116525000000000,4,,
1.116614000000000,8,,
1.116702000000000,2,,
1.116790000000000,n,,
1.116878000000000,o,,
1.116966000000000,x,,
1.117054000000000,M,,
1.117142000000000,y,,
1.117231000000000,\r,,
1.117319000000000,\n,,
1.117407000000000,k,,
1.117495000000000,p,,
1.117583000000000,1,,
1.117671000000000,S,,
1.117760000000000,S,,
1.117848000000000,N,,
1.117936000000000,Q,,
1.118024000000000,u,,
1.118112000000000,F,,
1.118200000000000,s,,
1.118288000000000,9,,
1.118377000000000,t,,
1.118465000000000,s,,
1.118553000000000,y,,
1.118641000000000,t,,
1.118729000000000,5,,
1.118817000000000,M,,
1.118906000000000,T,,
1.118994000000000,W,,
1.119082000000000,B,,
1.119170000000000,E,,
1.119258000000000,o,,
1.119346000000000,t,,
1.119435000000000,r,,
1.119523000000000,F,,
1.119611000000000,V,,
1.119699000000000,w,,
1.119787000000000,N,,
1.119875000000000,S,,
1.119963000000000,u,,
1.120052000000000,K,,
1.120140000000000,q,,
1.120228000000000,x,,
1.120316000000000,P,,
1.120404000000000,G,,
1.120492000000000,T,,
1.120581000000000,G,,
1.120669000000000,f,,
1.120757000000000,w,,
1.120845000000000,d,,
1.120933000000000,z,,
1.121021000000000,a,,
1.121109000000000,3,,
1.121198000000000,c,,
1.121286000000000,e,,
1.121374000000000,1,,
1.121462000000000,c,,
1.121550000000000,1,,
1.121638000000000,o,,
1.121727000000000,o,,
1.121815000000000,4,,
1.121903000000000,l,,
1.121991000000000,b,,
1.122079000000000,0,,
1.122167000000000,4,,
1.122256000000000,J,,
1.122344000000000,5,,
1.122432000000000,E,,
1.122520000000000,w,,
1.122608000000000,P,,
1.122696000000000,u,,
1.122784000000000,V,,
1.122873000000000,V,,
1.122961000000000,u,,
1.123049000000000,4,,
1.123137000000000,p,,
1.123225000000000,c,,
1.123313000000000,d,,
1.123402000000000,J,,
1.123490000000000,2,,
1.123578000000000,R,,
1.123666000000000,0,,
1.123754000000000,a,,
1.123842000000000,H,,
1.123930000000000,e,,
1.124019000000000,1,,
1.124107000000000,\r,,
1.124195000000000,\n,,
1.124283000000000,W,,
1.124371000000000,F,,
1.124459000000000,f,,
1.124548000000000,y,,
1.124636000000000,T,,
1.124724000000000,Z,,
1.124812000000000,9,,
1.124900000000000,K,,
1.124988000000000,t,,
1.125077000000000,p,,
1.125165000000000,L,,
1.125253000000000,1,,
1.125341000000000,1,,
1.125429000000000,V,,
1.125517000000000,o,,
1.125605000000000,F,,
1.125694000000000,V,,
1.125782000000000,4,,
1.125870000000000,M,,
1.125958000000000,u,,
1.126046000000000,u,,
1.126134000000000,t,,
1.126223000000000,r,,
1.126311000000000,B,,
1.126399000000000,W,,
1.126487000000000,o,,
1.126575000000000,D,,
1.126663000000000,6,,
1.126751000000000,6,,
1.126840000000000,k,,
1.126928000000000,7,,
1.127016000000000,e,,
1.127104000000000,C,,
1.127192000000000,g,,
1.127280000000000,v,,
1.127369000000000,G,,
1.127457000000000,r,,
1.127545000000000,G,,
1.127633000000000,J,,
1.127721000000000,1,,
1.127809000000000,h,,
1.127898000000000,V,,
1.127986000000000,w,,
1.128074000000000,F,,
1.128162000000000,r,,
1.128250000000000,E,,
1.128338000000000,z,,
1.128426000000000,u,,
1.128515000000000,z,,
1.128603000000000,A,,
1.128691000000000,j,,
1.128779000000000,t,,
1.128867000000000,5,,
1.128955000000000,O,,
1.129044000000000,d,,
1.129132000000000,/,,
1.129220000000000,v,,
1.129308000000000,v,,
1.129396000000000,d,,
1.129484000000000,+,,
1.129572000000000,d,,
1.129661000000000,M,,
1.129749000000000,Y,,
1.129837000000000,b,,
1.129925000000000,r,,
1.130013000000000,j,,
1.130101000000000,P,,
1.130190000000000,S,,
1.130278000000000,Z,,
1.130366000000000,L,,
1.130454000000000,t,,
1.130542000000000,a,,
1.130630000000000,r,,
1.130718000000000,C,,
1.130807000000000,s,,
1.130895000000000,1,,
1.130983000000000,\r,,
1.131071000000000,\n,,
1.131159000000000,g,,
1.131247000000000,0,,
1.131336000000000,o,,
1.131424000000000,o,,
1.131512000000000,r,,
1.131600000000000,m,,
1.131688000000000,Z,,
1.131776000000000,d,,
1.131865000000000,t,,
1.131953000000000,Q,,
1.132041000000000,q,,
1.132129000000000,u,,
1.132217000000000,B,,
1.132305000000000,u,,
1.132393000000000,V,,
1.132482000000000,Y,,
1.132570000000000,t,,
1.132658000000000,5,,
1.132746000000000,I,,
1.132834000000000,Q,,
1.132922000000000,e,,
1.133011000000000,W,,
1.133099000000000,r,,
1.133187000000000,q,,
1.133275000000000,X,,
1.133363000000000,s,,
1.133451000000000,h,,
1.133539000000000,V,,
1.133628000000000,c,,
1.133716000000000,7,,
1.133804000000000,D,,
1.133892000000000,a,,
1.133980000000000,w,,
1.134068000000000,l,,
1.134157000000000,b,,
1.134245000000000,F,,
1.134333000000000,2,,
1.134421000000000,m,,
1.134509000000000,S,,
1.134597000000000,b,,
1.134686000000000,3,,
1.134774000000000,I,,
1.134862000000000,d,,
1.134950000000000,T,,
1.135038000000000,l,,
1.135126000000000,Q,,
1.135214000000000,U,,
1.135303000000000,C,,
1.135391000000000,Q,,
1.135479000000000,y,,
1.135567000000000,B,,
1.135655000000000,b,,
1.135743000000000,/,,
1.135832000000000,H,,
1.135920000000000,I,,
1.136008000000000,W,,
1.136096000000000,+,,
1.136184000000000,6,,
1.136272000000000,Q,,
1.136360000000000,+,,
1.136449000000000,g,,
1.136537000000000,w,,
1.136625000000000,u,,
1.136713000000000,H,,
1.136801000000000,f,,
1.136889000000000,y,,
1.136978000000000,y,,
1.137066000000000,B,,
1.137154000000000,C,,
1.137242000000000,r,,
1.137330000000000,u,,
1.137418000000000,r,,
1.137507000000000,B,,
1.137595000000000,b,,
1.137683000000000,u,,
1.137771000000000,S,,
1.137859000000000,\r,,
1.137947000000000,\n,,
1.138035000000000,y,,
1.138124000000000,F,,
1.138212000000000,Q,,
1.138300000000000,i,,
1.138388000000000,2,,
1.138476000000000,U,,
1.138564000000000,o,,
1.138653000000000,G,,
1.138741000000000,N,,
1.138829000000000,s,,
1.138917000000000,4,,
1.139005000000000,R,,
1.139093000000000,R,,
1.139181000000000,V,,
1.139270000000000,U,,
1.139358000000000,p,,
1.139446000000000,g,,
1.139534000000000,a,,
1.139622000000000,u,,
1.139710000000000,y,,
1.139799000000000,L,,
1.139887000000000,p,,
1.139975000000000,n,,
1.140063000000000,+,,
1.140151000000000,0,,
1.140239000000000,i,,
1.140328000000000,7,,
1.140416000000000,k,,
1.140504000000000,6,,
1.140592000000000,p,,
1.140680000000000,2,,
1.140768000000000,p,,
1.140856000000000,J,,
1.140945000000000,K,,
1.141033000000000,X,,
1.141121000000000,s,,
1.141209000000000,1,,
1.141297000000000,Y,,
1.141385000000000,D,,
1.141474000000000,m,,
1.141562000000000,S,,
1.141650000000000,l,,
1.141738000000000,m,,
1.141826000000000,U,,
1.141914000000000,t,,
1.142002000000000,S,,
1.142091000000000,5,,
1.142179000000000,w,,
1.142267000000000,i,,
1.142355000000000,U,,
1.142443000000000,D,,
1.142531000000000,u,,
1.142620000000000,3,,
1.142708000000000,3,,
1.142796000000000,j,,
1.142884000000000,z,,
1.142972000000000,U,,
1.143060000000000,Z,,
1.143149000000000,t,,
1.143237000000000,4,,
1.143325000000000,d,,
1.143413000000000,h,,
1.143501000000000,Z,,
1.143589000000000,N,,
1.143677000000000,f,,
1.143766000000000,X,,
1.143854000000000,n,,
1.143942000000000,/,,
1.144030000000000,B,,
1.144118000000000,8,,
1.144206000000000,a,,
1.144295000000000,l,,
1.144383000000000,W,,
1.144471000000000,V,,
1.144559000000000,0,,
1.144647000000000,t,,
1.144735000000000,\r,,
1.144823000000000,\n,,
1.144912000000000,2,,
1.145000000000000,p,,
1.145088000000000,W,,
1.145176000000000,K,,
1.145264000000000,5,,
1.145352000000000,s,,
1.145441000000000,Z,,
1.145529000000000,v,,
1.145617000000000,o,,
1.145705000000000,B,,
1.145793000000000,I,,
1.145881000000000,4,,
1.145970000000000,q,,
1.146058000000000,1,,
1.146146000000000,d,,
1.146234000000000,w,,
1.146322000000000,N,,
1.146410000000000,S,,
1.146498000000000,i,,
1.146587000000000,D,,
1.146675000000000,q,,
1.146763000000000,2,,
1.146851000000000,q,,
1.146939000000000,D,,
1.147027000000000,f,,
1.147116000000000,z,,
1.147204000000000,q,,
1.147292000000000,2,,
1.147380000000000,W,,
1.147468000000000,M,,
1.147556000000000,T,,
1.147644000000000,V,,
1.147733000000000,V,,
1.147821000000000,Y,,
1.147909000000000,n,,
1.147997000000000,6,,
1.148085000000000,1,,
1.148173000000000,E,,
1.148262000000000,4,,
1.148350000000000,J,,
1.148438000000000,Z,,
1.148526000000000,x,,
1.148614000000000,l,,
1.148702000000000,d,,
1.148791000000000,d,,
1.148879000000000,l,,
1.148967000000000,k,,
1.149055000000000,l,,
1.149143000000000,P,,
1.149231000000000,t,,
1.149319000000000,m,,
1.149408000000000,V,,
1.149496000000000,F,,
1.149584000000000,o,,
1.149672000000000,H,,
1.149760000000000,e,,
1.149848000000000,f,,
1.149937000000000,8,,
1.150025000000000,/,,
1.150113000000000,Z,,
1.150201000000000,p,,
1.150289000000000,U,,
1.150377000000000,y,,
1.150465000000000,3,,
1.150554000000000,s,,
1.150642000000000,/,,
1.150730000000000,L,,
1.150818000000000,u,,
1.150906000000000,F,,
1.150994000000000,i,,
1.151083000000000,1,,
1.151171000000000,b,,
1.151259000000000,u,,
1.151347000000000,G,,
1.151435000000000,b,,
1.151523000000000,B,,
1.151612000000000,\r,,
1.151700000000000,\n,,
1.151788000000000,/,,
1.151876000000000,N,,
1.151964000000000,T,,
1.152052000000000,W,,
1.152140000000000,K,,
1.152229000000000,6,,
1.152317000000000,u,,
1.152405000000000,r,,
1.152493000000000,R,,
1.152581000000000,b,,
1.152669000000000,t,,
1.152758000000000,S,,
1.152846000000000,X,,
1.152934000000000,/,,
1.153022000000000,a,,
1.153110000000000,x,,
1.153198000000000,g,,
1.153286000000000,a,,
1.153375000000000,l,,
1.153463000000000,a,,
1.153551000000000,O,,
1.153639000000000,6,,
1.153727000000000,t,,
1.153815000000000,X,,
1.153904000000000,c,,
1.153992000000000,D,,
1.154080000000000,U,,
1.154168000000000,o,,
1.154256000000000,g,,
1.154344000000000,6,,
1.154433000000000,u,,
1.154521000000000,y,,
1.154609000000000,Y,,
1.154697000000000,G,,
1.154785000000000,V,,
1.154873000000000,J,,
1.154961000000000,i,,
1.155050000000000,y,,
1.155138000000000,7,,
1.155226000000000,g,,
1.155314000000000,q,,
1.155402000000000,l,,
1.155490000000000,5,,
1.155579000000000,g,,
1.155667000000000,P,,
1.155755000000000,f,,
1.155843000000000,g,,
1.155931000000000,X,,
1.156019000000000,u,,
1.156107000000000,m,,
1.156196000000000,C,,
1.156284000000000,A,,
1.156372000000000,K,,
1.156460000000000,9,,
1.156548000000000,V,,
1.156636000000000,a,,
1.156725000000000,X,,
1.156813000000000,c,,
1.156901000000000,i,,
1.156989000000000,M,,
1.157077000000000,q,,
1.157165000000000,m,,
1.157253000000000,e,,
1.157342000000000,t,,
1.157430000000000,A,,
1.157518000000000,Q,,
1.157606000000000,N,,
1.157694000000000,3,,
1.157782000000000,B,,
1.157871000000000,l,,
1.157959000000000,a,,
1.158047000000000,q,,
1.158135000000000,F,,
1.158223000000000,W,,
1.158311000000000,s,,
1.158400000000000,g,,
1.158488000000000,\r,,
1.158576000000000,\n,,
1.158664000000000,Y,,
1.158752000000000,O,,
1.158840000000000,D,,
1.158928000000000,K,,
1.159017000000000,T,,
1.159105000000000,7,,
1.159193000000000,6,,
1.159281000000000,0,,
1.159369000000000,e,,
1.159457000000000,j,,
1.159546000000000,C,,
1.159634000000000,1,,
1.159722000000000,d,,
1.159810000000000,y,,
1.159898000000000,r,,
1.159986000000000,L,,
1.160074000000000,1,,
1.160163000000000,c,,
1.160251000000000,J,,
1.160339000000000,d,,
1.160427000000000,y,,
1.160515000000000,Z,,
1.160603000000000,Q,,
1.160692000000000,r,,
1.160780000000000,l,,
1.160868000000000,m,,
1.160956000000000,w,,
1.161044000000000,l,,
1.161132000000000,C,,
1.161221000000000,1,,
1.161309000000000,o,,
1.161397000000000,1,,
1.161485000000000,C,,
1.161573000000000,6,,
1.161661000000000,4,,
1.161749000000000,G,,
1.161838000000000,J,,
1.161926000000000,X,,
1.162014000000000,B,,
1.162102000000000,V,,
1.162190000000000,J,,
1.162278000000000,u,,
1.162367000000000,+,,
1.162455000000000,2,,
1.162543000000000,J,,
1.162631000000000,0,,
1.162719000000000,8,,
1.162807000000000,V,,
1.162895000000000,c,,
1.162984000000000,F,,
1.163072000000000,X,,
1.163160000000000,n,,
1.163248000000000,4,,
1.163336000000000,u,,
1.163424000000000,0,,
1.163513000000000,d,,
1.163601000000000,N,,
1.163689000000000,Z,,
1.163777000000000,a,,
1.163865000000000,v,,
1.163953000000000,H,,
1.164042000000000,I,,
1.164130000000000,E,,
1.164218000000000,r,,
1.164306000000000,w,,
1.164394000000000,9,,
1.164482000000000,W,,
1.164570000000000,R,,
1.164659000000000,E,,
1.164747000000000,/,,
1.164835000000000,a,,
1.164923000000000,B,,
1.165011000000000,g,,
1.165099000000000,g,,
1.165188000000000,j,,
1.165276000000000,0,,
1.165364000000000,\r,,
1.165452000000000,\n,,
1.165540000000000,1,,
1.165628000000000,p,,
1.165716000000000,v,,
1.165805000000000,O,,
1.165893000000000,P,,
1.165981000000000,i,,
1.166069000000000,9,,
1.166157000000000,G,,
1.166245000000000,T,,
1.166334000000000,a,,
1.166422000000000,S,,
1.166510000000000,/,,
1.166598000000000,u,,
1.166686000000000,0,,
1.166774000000000,c,,
1.166863000000000,X,,
1.166951000000000,/,,
1.167039000000000,t,,
1.167127000000000,i,,
1.167215000000000,Z,,
1.167303000000000,4,,
1.167391000000000,e,,
1.167480000000000,9,,
1.167568000000000,2,,
1.167656000000000,t,,
1.167744000000000,X,,
1.167832000000000,B,,
1.167920000000000,X,,
1.168009000000000,K,,
1.168097000000000,s,,
1.168185000000000,R,,
1.168273000000000,q,,
1.168361000000000,J,,
1.168449000000000,l,,
1.168537000000000,v,,
1.168626000000000,J,,
1.168714000000000,Z,,
1.168802000000000,6,,
1.168890000000000,t,,
1.168978000000000,Z,,
1.169066000000000,c,,
1.169155000000000,D,,
1.169243000000000,W,,
1.169331000000000,Y,,
1.169419000000000,e,,
1.169507000000000,1,,
1.169595000000000,f,,
1.169684000000000,V,,
1.169772000000000,5,,
1.169860000000000,N,,
1.169948000000000,3,,
1.170036000000000,2,,
1.170124000000000,+,,
1.170212000000000,D,,
1.170301000000000,9,,
1.170389000000000,/,,
1.170477000000000,V,,
1.170565000000000,/,,
1.170653000000000,V,,
1.170741000000000,g,,
1.170830000000000,d,,
1.170918000000000,d,,
1.171006000000000,f,,
1.171094000000000,9,,
1.171182000000000,Z,,
1.171270000000000,t,,
1.171358000000000,k,,
1.171447000000000,g,,
1.171535000000000,R,,
1.171623000000000,+,,
1.171711000000000,B,,
1.171799000000000,K,,
1.171887000000000,u,,
1.171976000000000,/,,
1.172064000000000,r,,
1.172152000000000,h,,
1.172240000000000,\r,,
1.172328000000000,\n,,
1.172416000000000,X,,
1.172505000000000,z,,
1.172593000000000,p,,
1.172681000000000,a,,
1.172769000000000,F,,
1.172857000000000,I,,
1.172945000000000,E,,
1.173033000000000,y,,
1.173122000000000,+,,
1.173210000000000,l,,
1.173298000000000,a,,
1.173386000000000,f,,
1.173474000000000,P,,
1.173562000000000,V,,
1.173651000000000,6,,
1.173739000000000,W,,
1.173827000000000,P,,
1.173915000000000,h,,
1.174003000000000,j,,
1.174091000000000,6,,
1.174179000000000,K,,
1.174268000000000,G,,
1.174356000000000,t,,
1.174444000000000,v,,
1.174532000000000,o,,
1.174620000000000,N,,
1.174708000000000,v,,
1.174797000000000,V,,
1.174885000000000,4,,
1.174973000000000,l,,
1.175061000000000,3,,
1.175149000000000,J,,
1.175237000000000,0,,
1.175326000000000,M,,
1.175414000000000,B,,
1.175502000000000,I,,
1.175590000000000,t,,
1.175678000000000,p,,
1.175766000000000,L,,
1.175854000000000,o,,
1.175943000000000,Q,,
1.176031000000000,N,,
1.176119000000000,2,,
1.176207000000000,C,,
1.176295000000000,q,,
1.176383000000000,8,,
1.176472000000000,H,,
1.176560000000000,c,,
1.176648000000000,u,,
1.176736000000000,y,,
1.176824000000000,r,,
1.176912000000000,3,,
1.177000000000000,w,,
1.177089000000000,x,,
1.177177000000000,t,,
1.177265000000000,s,,
1.177353000000000,E,,
1.177441000000000,w,,
1.177529000000000,F,,
1.177618000000000,v,,
1.177706000000000,V,,
1.177794000000000,/,,
1.177882000000000,U,,
1.177970000000000,z,,
1.178058000000000,L,,
1.178147000000000,G,,
1.178235000000000,c,,
1.178323000000000,X,,
1.178411000000000,a,,
1.178499000000000,Y,,
1.178587000000000,2,,
1.178675000000000,x,,
1.178764000000000,q,,
1.178852000000000,z,,
1.178940000000000,1,,
1.179028000000000,w,,
1.179116000000000,\r,,
1.179204000000000,\n,,
1.179293000000000,J,,
1.179381000000000,R,,
1.179469000000000,f,,
1.179557000000000,y,,
1.179645000000000,8,,
1.179733000000000,R,,
1.179821000000000,7,,
1.179910000000000,n,,
1.179998000000000,g,,
1.180086000000000,k,,
1.180174000000000,H,,
1.180262000000000,b,,
1.180350000000000,A,,
1.180439000000000,o,,
1.180527000000000,1,,
1.180615000000000,+,,
1.180703000000000,k,,
1.180791000000000,i,,
1.180879000000000,4,,
1.180967000000000,M,,
1.181056000000000,I,,
1.181144000000000,O,,
1.181232000000000,y,,
1.181320000000000,Q,,
1.181408000000000,v,,
1.181496000000000,V,,
1.181585000000000,h,,
1.181673000000000,d,,
1.181761000000000,c,,
1.181849000000000,l,,
1.181937000000000,W,,
1.182025000000000,F,,
1.182114000000000,W,,
1.182202000000000,H,,
1.182290000000000,U,,
1.182378000000000,E,,
1.182466000000000,Q,,
1.182554000000000,R,,
1.182642000000000,J,,
1.182731000000000,b,,
1.182819000000000,X,,
1.182907000000000,3,,
1.182995000000000,7,,
1.183083000000000,J,,
1.183171000000000,2,,
1.183260000000000,V,,
1.183348000000000,h,,
1.183436000000000,V,,
1.183524000000000,m,,
1.183612000000000,W,,
1.183700000000000,N,,
1.183788000000000,X,,
1.183877000000000,J,,
1.183965000000000,U,,
1.184053000000000,H,,
1.184141000000000,a,,
1.184229000000000,P,,
1.184317000000000,g,,
1.184406000000000,v,,
1.184494000000000,y,,
1.184582000000000,d,,
1.184670000000000,d,,
1.184758000000000,X,,
1.184846000000000,I,,
1.184935000000000,B,,
1.185023000000000,m,,
1.185111000000000,z,,
1.185199000000000,F,,
1.185287000000000,q,,
1.185375000000000,f,,
1.185463000000000,R,,
1.185552000000000,T,,
1.185640000000000,L,,
1.185728000000000,+,,
1.185816000000000,y,,
1.185904000000000,B,,
1.185992000000000,\r,,
1.186081000000000,\n,,
1.186169000000000,K,,
1.186257000000000,7,,
1.186345000000000,m,,
1.186433000000000,Q,,
1.186521000000000,w,,
1.186609000000000,Z,,
1.186698000000000,u,,
1.186786000000000,c,,
1.186874000000000,x,,
1.186962000000000,S,,
1.187050000000000,D,,
1.187138000000000,a,,
1.187227000000000,F,,
1.187315000000000,c,,
1.187403000000000,i,,
1.187491000000000,9,,
1.187579000000000,i,,
1.187667000000000,3,,
1.187756000000000,X,,
1.187844000000000,4,,
1.187932000000000,n,,
1.188020000000000,b,,
1.188108000000000,8,,
1.188196000000000,a,,
1.188284000000000,z,,
1.188373000000000,Y,,
1.188461000000000,y,,
1.188549000000000,v,,
1.188637000000000,F,,
1.188725000000000,n,,
1.188813000000000,d,,
1.188902000000000,V,,
1.188990000000000,z,,
1.189078000000000,a,,
1.189166000000000,N,,
1.189254000000000,0,,
1.189342000000000,B,,
1.189430000000000,t,,
1.189519000000000,b,,
1.189607000000000,p,,
1.189695000000000,6,,
1.189783000000000,J,,
1.189871000000000,W,,
1.189959000000000,6,,
1.190048000000000,B,,
1.190136000000000,V,,
1.190224000000000,e,,
1.190312000000000,D,,
1.190400000000000,O,,
1.190488000000000,X,,
1.190577000000000,f,,
1.190665000000000,V,,
1.190753000000000,n,,
1.190841000000000,O,,
1.190929000000000,R,,
1.191017000000000,4,,
1.191105000000000,4,,
1.191194000000000,F,,
1.191282000000000,j,,
1.191370000000000,O,,
1.191458000000000,1,,
1.191546000000000,N,,
1.191634000000000,s,,
1.191723000000000,/,,
1.191811000000000,o,,
1.191899000000000,+,,
1.191987000000000,Q,,
1.192075000000000,P,,
1.192163000000000,4,,
1.192251000000000,6,,
1.192340000000000,k,,
1.192428000000000,X,,
1.192516000000000,1,,
1.192604000000000,l,,
1.192692000000000,m,,
1.192780000000000,+,,
1.192869000000000,\r,,
1.192957000000000,\n,,
1.193045000000000,7,,
1.193133000000000,v,,
1.193221000000000,a,,
1.193309000000000,U,,
1.193398000000000,f,,
1.193486000000000,d,,
1.193574000000000,9,,
1.193662000000000,0,,
1.193750000000000,I,,
1.193838000000000,Y,,
1.193926000000000,F,,
1.194015000000000,2,,
1.194103000000000,G,,
1.194191000000000,G,,
1.194279000000000,3,,
1.194367000000000,Y,,
1.194455000000000,t,,
1.194544000000000,w,,
1.194632000000000,a,,
1.194720000000000,O,,
1.194808000000000,n,,
1.194896000000000,/,,
1.194984000000000,p,,
1.195072000000000,0,,
1.195161000000000,4,,
1.195249000000000,Q,,
1.195337000000000,W,,
1.195425000000000,z,,
1.195513000000000,4,,
1.195601000000000,3,,
1.195690000000000,Z,,
1.195778000000000,d,,
1.195866000000000,3,,
1.195954000000000,Z,,
1.196042000000000,G,,
1.196130000000000,4,,
1.196219000000000,X,,
1.196307000000000,A,,
1.196395000000000,m,,
1.196483000000000,x,,
1.196571000000000,q,,
1.196659000000000,o,,
1.196747000000000,m,,
1.196836000000000,U,,
1.196924000000000,D,,
1.197012000000000,G,,
1.197100000000000,F,,
1.197188000000000,r,,
1.197276000000000,F,,
1.197365000000000,1,,
1.197453000000000,w,,
1.197541000000000,N,,
1.197629000000000,6,,
1.197717000000000,u,,
1.197805000000000,G,,
1.197893000000000,q,,
1.197982000000000,3,,
1.198070000000000,m,,
1.198158000000000,K,,
1.198246000000000,t,,
1.198334000000000,F,,
1.198422000000000,m,,
1.198511000000000,n,,
1.198599000000000,1,,
1.198687000000000,o,,
1.198775000000000,M,,
1.198863000000000,B,,
1.198951000000000,6,,
1.199040000000000,y,,
1.199128000000000,z,,
1.199216000000000,b,,
1.199304000000000,n,,
1.199392000000000,V,,
1.199480000000000,j,,
1.199568000000000,+,,
1.199657000000000,1,,
1.199745000000000,\r,,
1.199833000000000,\n,,
1.199921000000000,V,,
1.200009000000000,/,,
1.200097000000000,s,,
1.200186000000000,R,,
1.200274000000000,g,,
1.200362000000000,Z,,
1.200450000000000,6,,
1.200538000000000,/,,
1.200626000000000,4,,
1.200714000000000,P,,
1.200803000000000,w,,
1.200891000000000,4,,
1.200979000000000,e,,
1.201067000000000,9,,
1.201155000000000,J,,
1.201243000000000,X,,
1.201332000000000,l,,
1.201420000000000,V,,
1.201508000000000,J,,
1.201596000000000,1,,
1.201684000000000,f,,
1.201772000000000,O,,
1.201861000000000,v,,
1.201949000000000,+,,
1.202037000000000,v,,
1.202125000000000,/,,
1.202213000000000,7,,
1.202301000000000,Z,,
1.202389000000000,e,,
1.202478000000000,d,,
1.202566000000000,V,,
1.202654000000000,F,,
1.202742000000000,p,,
1.202830000000000,q,,
1.202918000000000,v,,
1.203007000000000,F,,
1.203095000000000,u,,
1.203183000000000,p,,
1.203271000000000,p,,
1.203359000000000,F,,
1.203447000000000,4,,
1.203535000000000,v,,
1.203624000000000,6,,
1.203712000000000,q,,
1.203800000000000,F,,
1.203888000000000,J,,
1.203976000000000,a,,
1.204064000000000,E,,
1.204153000000000,B,,
1.204241000000000,m,,
1.204329000000000,o,,
1.204417000000000,X,,
1.204505000000000,X,,
1.204593000000000,A,,
1.204681000000000,1,,
1.204770000000000,q,,
1.204858000000000,4,,
1.204946000000000,a,,
1.205034000000000,q,,
1.205122000000000,x,,
1.205210000000000,K,,
1.205299000000000,1,,
1.205387000000000,B,,
1.205475000000000,P,,
1.205563000000000,+,,
1.205651000000000,4,,
1.205739000000000,2,,
1.205828000000000,V,,
1.205916000000000,A,,
1.206004000000000,U,,
1.206092000000000,v,,
1.206180000000000,g,,
1.206268000000000,K,,
1.206356000000000,h,,
1.206445000000000,a,,
1.206533000000000,z,,
1.206621000000000,\r,,
1.206709000000000,\n,,
1.206797000000000,s,,
1.206885000000000,q,,
1.206974000000000,8,,
1.207062000000000,Y,,
1.207150000000000,F,,
1.207238000000000,A,,
1.207326000000000,g,,
1.207414000000000,k,,
1.207502000000000,6,,
1.207591000000000,a,,
1.207679000000000,B,,
1.207767000000000,n,,
1.207855000000000,b,,
1.207943000000000,G,,
1.208031000000000,v,,
1.208120000000000,C,,
1.208208000000000,+,,
1.208296000000000,N,,
1.208384000000000,0,,
1.208472000000000,7,,
1.208560000000000,v,,
1.208649000000000,3,,
1.208737000000000,e,,
1.208825000000000,h,,
1.208913000000000,a,,
1.209001000000000,X,,
1.209089000000000,9,,
1.209177000000000,L,,
1.209266000000000,u,,
1.209354000000000,z,,
1.209442000000000,G,,
1.209530000000000,r,,
1.209618000000000,Z,,
1.209706000000000,C,,
1.209795000000000,h,,
1.209883000000000,X,,
1.209971000000000,h,,
1.210059000000000,V,,
1.210147000000000,g,,
1.210235000000000,j,,
1.210323000000000,N,,
1.210412000000000,9,,
1.210500000000000,X,,
1.210588000000000,/,,
1.210676000000000,6,,
1.210764000000000,1,,
1.210852000000000,h,,
1.210941000000000,y,,
1.211029000000000,s,,
1.211117000000000,P,,
1.211205000000000,q,,
1.211293000000000,u,,
1.211381000000000,S,,
1.211470000000000,r,,
1.211558000000000,3,,
1.211646000000000,W,,
1.211734000000000,M,,
1.211822000000000,J,,
1.211910000000000,4,,
1.211998000000000,H,,
1.212087000000000,u,,
1.212175000000000,N,,
1.212263000000000,G,,
1.212351000000000,9,,
1.212439000000000,1,,
1.212527000000000,z,,
1.212616000000000,R,,
1.212704000000000,I,,
1.212792000000000,r,,
1.212880000000000,A,,
1.212968000000000,V,,
1.213056000000000,Y,,
1.213144000000000,9,,
1.213233000000000,5,,
1.213321000000000,t,,
1.213409000000000,4,,
1.213497000000000,\r,,
1.213585000000000,\n,,
1.213673000000000,B,,
1.213762000000000,O,,
1.213850000000000,h,,
1.213938000000000,P,,
1.214026000000000,p,,
1.214114000000000,8,,
1.214202000000000,S,,
1.214291000000000,7,,
1.214379000000000,q,,
1.214467000000000,L,,
1.214555000000000,d,,
1.214643000000000,8,,
1.214731000000000,n,,
1.214819000000000,f,,
1.214908000000000,u,,
1.214996000000000,W,,
1.215084000000000,7,,
1.215172000000000,Q,,
1.215260000000000,e,,
1.215348000000000,S,,
1.215437000000000,f,,
1.215525000000000,k,,
1.215613000000000,u,,
1.215701000000000,7,,
1.215789000000000,X,,
1.215877000000000,U,,
1.215965000000000,V,,
1.216054000000000,I,,
1.216142000000000,n,,
1.216230000000000,k,,
1.216318000000000,q,,
1.216406000000000,U,,
1.216494000000000,0,,
1.216583000000000,i,,
1.216671000000000,C,,
1.216759000000000,J,,
1.216847000000000,A,,
1.216935000000000,/,,
1.217023000000000,U,,
1.217112000000000,L,,
1.217200000000000,r,,
1.217288000000000,g,,
1.217376000000000,Z,,
1.217464000000000,1,,
1.217552000000000,c,,
1.217640000000000,F,,
1.217729000000000,U,,
1.217817000000000,P,,
1.217905000000000,V,,
1.217993000000000,m,,
1.218081000000000,P,,
1.218169000000000,f,,
1.218258000000000,9,,
1.218346000000000,k,,
1.218434000000000,b,,
1.218522000000000,x,,
1.218610000000000,Q,,
1.218698000000000,H,,
1.218786000000000,v,,
1.218875000000000,g,,
1.218963000000000,S,,
1.219051000000000,q,,
1.219139000000000,+,,
1.219227000000000,x,,
1.219315000000000,W,,
1.219404000000000,h,,
1.219492000000000,/,,
1.219580000000000,n,,
1.219668000000000,6,,
1.219756000000000,q,,
1.219844000000000,5,,
1.219933000000000,0,,
1.220021000000000,J,,
1.220109000000000,a,,
1.220197000000000,h,,
1.220285000000000,H,,
1.220373000000000,\r,,
1.220461000000000,\n,,
1.220550000000000,D,,
1.220638000000000,q,,
1.220726000000000,q,,
1.220814000000000,P,,
1.220902000000000,r,,
1.220990000000000,r,,
1.221079000000000,J,,
1.221167000000000,J,,
1.221255000000000,w,,
1.221343000000000,s,,
1.221431000000000,Y,,
1.221519000000000,T,,
1.221607000000000,9,,
1.221696000000000,k,,
1.221784000000000,m,,
1.221872000000000,b,,
1.221960000000000,z,,
1.222048000000000,B,,
1.222136000000000,a,,
1.222225000000000,t,,
1.222313000000000,r,,
1.222401000000000,h,,
1.222489000000000,b,,
1.222577000000000,p,,
1.222665000000000,S,,
1.222754000000000,l,,
1.222842000000000,D,,
1.222930000000000,1,,
1.223018000000000,V,,
1.223106000000000,V,,
1.223194000000000,p,,
1.223282000000000,p,,
1.223371000000000,2,,
1.223459000000000,D,,
1.223547000000000,J,,
1.223635000000000,W,,
1.223723000000000,s,,
1.223811000000000,G,,
1.223900000000000,1,,
1.223988000000000,s,,
1.224076000000000,q,,
1.224164000000000,T,,
1.224252000000000,y,,
1.224340000000000,V,,
1.224428000000000,d,,
1.224517000000000,1,,
1.224605000000000,X,,
1.224693000000000,X,,
1.224781000000000,C,,
1.224869000000000,E,,
1.224957000000000,x,,
1.225046000000000,8,,
1.225134000000000,m,,
1.225222000000000,Z,,
1.225310000000000,/,,
1.225398000000000,R,,
1.225486000000000,t,,
1.225575000000000,X,,
1.225663000000000,o,,
1.225751000000000,c,,
1.225839000000000,G,,
1.225927000000000,V,,
1.226015000000000,c,,
1.226103000000000,q,,
1.226192000000000,d,,
1.226280000000000,8,,
1.226368000000000,W,,
1.226456000000000,2,,
1.226544000000000,N,,
1.226632000000000,U,,
1.226721000000000,s,,
1.226809000000000,l,,
1.226897000000000,l,,
1.226985000000000,C,,
1.227073000000000,x,,
1.227161000000000,M,,
1.227249000000000,\r,,
1.227338000000000,\n,,
1.227426000000000,H,,
1.227514000000000,2,,
1.227602000000000,u,,
1.227690000000000,h,,
1.227778000000000,N,,
1.227867000000000,F,,
1.227955000000000,G,,
1.228043000000000,b,,
1.228131000000000,t,,
1.228219000000000,e,,
1.228307000000000,Q,,
1.228396000000000,m,,
1.228484000000000,F,,
1.228572000000000,z,,
1.228660000000000,Z,,
1.228748000000000,u,,
1.228836000000000,s,,
1.228924000000000,Q,,
1.229013000000000,+,,
1.229101000000000,C,,
1.229189000000000,l,,
1.229277000000000,X,,
1.229365000000000,P,,
1.229453000000000,2,,
1.229542000000000,3,,
1.229630000000000,J,,
1.229718000000000,U,,
1.229806000000000,C,,
1.229894000000000,X,,
1.229982000000000,S,,
1.230070000000000,m,,
1.230159000000000,k,,
1.230247000000000,b,,
1.230335000000000,t,,
1.230423000000000,V,,
1.230511000000000,s,,
1.230599000000000,s,,
1.230688000000000,p,,
1.230776000000000,X,,
1.230864000000000,s,,
1.230952000000000,X,,
1.231040000000000,6,,
1.231128000000000,1,,
1.231216000000000,h,,
1.231305000000000,c,,
1.231393000000000,D,,
1.231481000000000,W,,
1.231569000000000,o,,
1.231657000000000,v,,
1.231745000000000,q,,
1.231834000000000,v,,
1.231922000000000,G,,
1.232010000000000,Y,,
1.232098000000000,D,,
1.232186000000000,U,,
1.232274000000000,Z,,
1.232363000000000,n,,
1.232451000000000,V,,
1.232539000000000,q,,
1.232627000000000,b,,
1.232715000000000,E,,
1.232803000000000,7,,
1.232891000000000,j,,
1.232980000000000,y,,
1.233068000000000,z,,
1.233156000000000,A,,
1.233244000000000,l,,
1.233332000000000,0,,
1.233420000000000,j,,
1.233509000000000,v,,
1.233597000000000,w,,
1.233685000000000,+,,
1.233773000000000,+,,
1.233861000000000,3,,
1.233949000000000,l,,
1.234037000000000,0,,
1.234126000000000,\r,,
1.234214000000000,\n,,
1.234302000000000,x,,
1.234390000000000,g,,
1.234478000000000,P,,
1.234566000000000,y,,
1.234655000000000,y,,
1.234743000000000,m,,
1.234831000000000,n,,
1.234919000000000,p,,
1.235007000000000,z,,
1.235095000000000,x,,
1.235184000000000,o,,
1.235272000000000,t,,
1.235360000000000,D,,
1.235448000000000,o,,
1.235536000000000,x,,
1.235624000000000,8,,
1.235712000000000,K,,
1.235801000000000,b,,
1.235889000000000,u,,
1.235977000000000,r,,
1.236065000000000,B,,
1.236153000000000,b,,
1.236241000000000,p,,
1.236330000000000,S,,
1.236418000000000,y,,
1.236506000000000,O,,
1.236594000000000,7,,
1.236682000000000,G,,
1.236770000000000,2,,
1.236858000000000,Y,,
1.236947000000000,m,,
1.237035000000000,/,,
1.237123000000000,Z,,
1.237211000000000,L,,
1.237299000000000,P,,
1.237387000000000,U,,
1.237476000000000,M,,
1.237564000000000,L,,
1.237652000000000,g,,
1.237740000000000,a,,
1.237828000000000,z,,
1.237916000000000,L,,
1.238005000000000,m,,
1.238093000000000,r,,
1.238181000000000,i,,
1.238269000000000,4,,
1.238357000000000,9,,
1.238445000000000,l,,
1.238533000000000,I,,
1.238622000000000,U,,
1.238710000000000,H,,
1.238798000000000,1,,
1.238886000000000,k,,
1.238974000000000,Y,,
1.239062000000000,n,,
1.239151000000000,o,,
1.239239000000000,h,,
1.239327000000000,V,,
1.239415000000000,/,,
1.239503000000000,8,,
1.239591000000000,M,,
1.239679000000000,t,,
1.239768000000000,G,,
1.239856000000000,i,,
1.239944000000000,s,,
1.240032000000000,c,,
1.240120000000000,N,,
1.240208000000000,q,,
1.240297000000000,c,,
1.240385000000000,7,,
1.240473000000000,J,,
1.240561000000000,W,,
1.240649000000000,p,,
1.240737000000000,D,,
1.240826000000000,H,,
1.240914000000000,R,,
1.241002000000000,\r,,
1.241090000000000,\n,,
1.241178000000000,c,,
1.241266000000000,c,,
1.241354000000000,y,,
1.241443000000000,f,,
1.241531000000000,V,,
1.241619000000000,G,,
1.241707000000000,g,,
1.241795000000000,r,,
1.241883000000000,K,,
1.241972000000000,9,,
1.242060000000000,f,,
1.242148000000000,a,,
1.242236000000000,u,,
1.242324000000000,V,,
1.242412000000000,Y,,
1.242500000000000,p,,
1.242589000000000,3,,
1.242677000000000,7,,
1.242765000000000,c,,
1.242853000000000,q,,
1.242941000000000,J,,
1.243029000000000,e,,
1.243118000000000,/,,
1.243206000000000,b,,
1.243294000000000,z,,
1.243382000000000,0,,
1.243470000000000,l,,
1.243558000000000,3,,
1.243647000000000,r,,
1.243735000000000,t,,
1.243823000000000,v,,
1.243911000000000,a,,
1.243999000000000,K,,
1.244087000000000,p,,
1.244175000000000,m,,
1.244264000000000,2,,
1.244352000000000,2,,
1.244440000000000,1,,
1.244528000000000,3,,
1.244616000000000,1,,
1.244704000000000,7,,
1.244793000000000,0,,
1.244881000000000,q,,
1.244969000000000,j,,
1.245057000000000,Q,,
1.245145000000000,q,,
1.245233000000000,w,,
1.245321000000000,7,,
1.245410000000000,j,,
1.245498000000000,f,,
1.245586000000000,N,,
1.245674000000000,q,,
1.245762000000000,G,,
1.245850000000000,F,,
1.245939000000000,w,,
1.246027000000000,N,,
1.246115000000000,5,,
1.246203000000000,t,,
1.246291000000000,z,,
1.246379000000000,V,,
1.246468000000000,b,,
1.246556000000000,P,,
1.246644000000000,L,,
1.246732000000000,X,,
1.246820000000000,A,,
1.246908000000000,n,,
1.246996000000000,T,,
1.247085000000000,Q,,
1.247173000000000,3,,
1.247261000000000,z,,
1.247349000000000,I,,
1.247437000000000,o,,
1.247525000000000,N,,
1.247614000000000,Y,,
1.247702000000000,o,,
1.247790000000000,H,,
1.247878000000000,\r,,
1.247966000000000,\n,,
1.248054000000000,O,,
1.248142000000000,j,,
1.248231000000000,K,,
1.248319000000000,u,,
1.248407000000000,f,,
1.248495000000000,P,,
1.248583000000000,a,,
1.248671000000000,w,,
1.248760000000000,u,,
1.248848000000000,O,,
1.248936000000000,5,,
1.249024000000000,R,,
1.249112000000000,6,,
1.249200000000000,v,,
1.249289000000000,t,,
1.249377000000000,c,,
1.249465000000000,L,,
1.249553000000000,X,,
1.249641000000000,A,,
1.249729000000000,q,,
1.249817000000000,E,,
1.249906000000000,9,,
1.249994000000000,M,,
1.250082000000000,V,,
1.250170000000000,M,,
1.250258000000000,i,,
1.250346000000000,N,,
1.250435000000000,U,,
1.250523000000000,Q,,
1.250611000000000,W,,
1.250699000000000,q,,
1.250787000000000,7,,
1.250875000000000,q,,
1.250963000000000,/,,
1.251052000000000,5,,
1.251140000000000,d,,
1.251228000000000,G,,
1.251316000000000,V,,
1.251404000000000,w,,
1.251492000000000,O,,
1.251581000000000,1,,
1.251669000000000,W,,
1.251757000000000,e,,
1.251845000000000,Q,,
1.251933000000000,8,,
1.252021000000000,5,,
1.252110000000000,z,,
1.252198000000000,V,,
1.252286000000000,A,,
1.252374000000000,6,,
1.252462000000000,t,,
1.252550000000000,N,,
1.252638000000000,t,,
1.252727000000000,V,,
1.252815000000000,0,,
1.252903000000000,1,,
1.252991000000000,w,,
1.253079000000000,p,,
1.253167000000000,m,,
1.253256000000000,2,,
1.253344000000000,3,,
1.253432000000000,c,,
1.253520000000000,r,,
1.253608000000000,G,,
1.253696000000000,/,,
1.253784000000000,i,,
1.253873000000000,t,,
1.253961000000000,7,,
1.254049000000000,J,,
1.254137000000000,X,,
1.254225000000000,b,,
1.254313000000000,5,,
1.254402000000000,5,,
1.254490000000000,f,,
1.254578000000000,7,,
1.254666000000000,8,,
1.254754000000000,\r,,
1.254842000000000,\n,,
1.254930000000000,s,,
1.255019000000000,9,,
1.255107000000000,Q,,
1.255195000000000,h,,
1.255283000000000,J,,
1.255371000000000,d,,
1.255459000000000,D,,
1.255548000000000,B,,
1.255636000000000,e,,
1.255724000000000,+,,
1.255812000000000,1,,
1.255900000000000,9,,
1.255988000000000,q,,
1.256077000000000,w,,
1.256165000000000,3,,
1.256253000000000,6,,
1.256341000000000,6,,
1.256429000000000,m,,
1.256517000000000,4,,
1.256605000000000,o,,
1.256694000000000,X,,
1.256782000000000,8,,
1.256870000000000,f,,
1.256958000000000,u,,
1.257046000000000,6,,
1.257134000000000,5,,
1.257223000000000,X,,
1.257311000000000,1,,
1.257399000000000,e,,
1.257487000000000,4,,
1.257575000000000,e,,
1.257663000000000,r,,
1.257751000000000,/,,
1.257840000000000,l,,
1.257928000000000,0,,
1.258016000000000,Z,,
1.258104000000000,y,,
1.258192000000000,N,,
1.258280000000000,/,,
1.258369000000000,b,,
1.258457000000000,9,,
1.258545000000000,E,,
1.258633000000000,B,,
1.258721000000000,G,,
1.258809000000000,/,,
1.258898000000000,l,,
1.258986000000000,n,,
1.259074000000000,H,,
1.259162000000000,4,,
1.259250000000000,G,,
1.259338000000000,p,,
1.259426000000000,Q,,
1.259515000000000,c,,
1.259603000000000,V,,
1.259691000000000,e,,
1.259779000000000,N,,
1.259867000000000,u,,
1.259955000000000,b,,
1.260044000000000,7,,
1.260132000000000,V,,
1.260220000000000,R,,
1.260308000000000,X,,
1.260396000000000,O,,
1.260484000000000,r,,
1.260572000000000,g,,
1.260661000000000,P,,
1.260749000000000,1,,
1.260837000000000,x,,
1.260925000000000,b,,
1.261013000000000,L,,
1.261101000000000,L,,
1.261190000000000,n,,
1.261278000000000,+,,
1.261366000000000,m,,
1.261454000000000,L,,
1.261542000000000,q,,
1.261630000000000,\r,,
1.261719000000000,\n,,
1.261807000000000,i,,
1.261895000000000,N,,
1.261983000000000,5,,
1.262071000000000,c,,
1.262159000000000,a,,
1.262247000000000,i,,
1.262336000000000,+,,
1.262424000000000,K,,
1.262512000000000,o,,
1.262600000000000,U,,
1.262688000000000,J,,
1.262776000000000,l,,
1.262865000000000,+,,
1.262953000000000,g,,
1.263041000000000,s,,
1.263129000000000,/,,
1.263217000000000,1,,
1.263305000000000,9,,
1.263393000000000,U,,
1.263482000000000,r,,
1.263570000000000,f,,
1.263658000000000,5,,
1.263746000000000,P,,
1.263834000000000,t,,
1.263922000000000,q,,
1.264011000000000,n,,
1.264099000000000,9,,
1.264187000000000,X,,
1.264275000000000,5,,
1.264363000000000,l,,
1.264451000000000,H,,
1.264540000000000,J,,
1.264628000000000,/,,
1.264716000000000,r,,
1.264804000000000,l,,
1.264892000000000,O,,
1.264980000000000,L,,
1.265068000000000,Q,,
1.265157000000000,T,,
1.265245000000000,U,,
1.265333000000000,M,,
1.265421000000000,b,,
1.265509000000000,g,,
1.265597000000000,a,,
1.265686000000000,V,,
1.265774000000000,N,,
1.265862000000000,t,,
1.265950000000000,V,,
1.266038000000000,Q,,
1.266126000000000,0,,
1.266214000000000,V,,
1.266303000000000,H,,
1.266391000000000,o,,
1.266479000000000,V,,
1.266567000000000,V,,
1.266655000000000,j,,
1.266743000000000,5,,
1.266832000000000,m,,
1.266920000000000,U,,
1.267008000000000,P,,
1.267096000000000,X,,
1.267184000000000,M,,
1.267272000000000,n,,
1.267361000000000,l,,
1.267449000000000,p,,
1.267537000000000,+,,
1.267625000000000,c,,
1.267713000000000,s,,
1.267801000000000,W,,
1.267889000000000,i,,
1.267978000000000,B,,
1.268066000000000,b,,
1.268154000000000,t,,
1.268242000000000,q,,
1.268330000000000,K,,
1.268418000000000,x,,
1.268507000000000,\r,,
1.268595000000000,\n,,
1.268683000000000,W,,
1.268771000000000,K,,
1.268859000000000,a,,
1.268947000000000,/,,
1.269035000000000,l,,
1.269124000000000,5,,
1.269212000000000,W,,
1.269300000000000,r,,
1.269388000000000,j,,
1.269476000000000,u,,
1.269564000000000,Q,,
1.269653000000000,+,,
1.269741000000000,Y,,
1.269829000000000,+,,
1.269917000000000,X,,
1.270005000000000,X,,
1.270093000000000,4,,
1.270182000000000,a,,
1.270270000000000,p,,
1.270358000000000,3,,
1.270446000000000,V,,
1.270534000000000,y,,
1.270622000000000,Y,,
1.270710000000000,S,,
1.270799000000000,f,,
1.270887000000000,T,,
1.270975000000000,h,,
1.271063000000000,+,,
1.271151000000000,9,,
1.271239000000000,H,,
1.271328000000000,T,,
1.271416000000000,0,,
1.271504000000000,w,,
1.271592000000000,6,,
1.271680000000000,h,,
1.271768000000000,j,,
1.271856000000000,c,,
1.271945000000000,D,,
1.272033000000000,W,,
1.272121000000000,o,,
1.272209000000000,t,,
1.272297000000000,q,,
1.272385000000000,v,,
1.272474000000000,6,,
1.272562000000000,K,,
1.272650000000000,9,,
1.272738000000000,5,,
1.272826000000000,Z,,
1.272914000000000,a,,
1.273003000000000,N,,
1.273091000000000,U,,
1.273179000000000,o,,
1.273267000000000,H,,
1.273355000000000,p,,
1.273443000000000,i,,
1.273531000000000,a,,
1.273620000000000,e,,
1.273708000000000,8,,
1.273796000000000,0,,
1.273884000000000,g,,
1.273972000000000,e,,
1.274060000000000,q,,
1.274149000000000,U,,
1.274237000000000,v,,
1.274325000000000,y,,
1.274413000000000,C,,
1.274501000000000,i,,
1.274589000000000,G,,
1.274677000000000,Y,,
1.274766000000000,s,,
1.274854000000000,v,,
1.274942000000000,Y,,
1.275030000000000,1,,
1.275118000000000,n,,
1.275206000000000,8,,
1.275295000000000,F,,
1.275383000000000,\r,,
1.275471000000000,\n,,
1.275559000000000,O,,
1.275647000000000,p,,
1.275735000000000,l,,
1.275824000000000,R,,
1.275912000000000,7,,
1.276000000000000,S,,
1.276088000000000,l,,
1.276176000000000,x,,
1.276264000000000,B,,
1.276352000000000,P,,
1.276441000000000,V,,
1.276529000000000,1,,
1.276617000000000,6,,
1.276705000000000,b,,
1.276793000000000,V,,
1.276881000000000,4,,
1.276970000000000,Q,,
1.277058000000000,K,,
1.277146000000000,O,,
1.277234000000000,N,,
1.277322000000000,r,,
1.277410000000000,k,,
1.277498000000000,x,,
1.277587000000000,k,,
1.277675000000000,S,,
1.277763000000000,v,,
1.277851000000000,f,,
1.277939000000000,+,,
1.278027000000000,w,,
1.278116000000000,8,,
1.278204000000000,+,,
1.278292000000000,J,,
1.278380000000000,t,,
1.278468000000000,N,,
1.278556000000000,b,,
1.278645000000000,u,,
1.278733000000000,K,,
1.278821000000000,0,,
1.278909000000000,+,,
1.278997000000000,F,,
1.279085000000000,X,,
1.279173000000000,T,,
1.279262000000000,U,,
1.279350000000000,G,,
1.279438000000000,q,,
1.279526000000000,+,,
1.279614000000000,7,,
1.279702000000000,a,,
1.279791000000000,V,,
1.279879000000000,T,,
1.279967000000000,o,,
1.280055000000000,H,,
1.280143000000000,2,,
1.280231000000000,7,,
1.280319000000000,o,,
1.280408000000000,D,,
1.280496000000000,0,,
1.280584000000000,K,,
1.280672000000000,/,,
1.280760000000000,2,,
1.280848000000000,W,,
1.280937000000000,n,,
1.281025000000000,r,,
1.281113000000000,h,,
1.281201000000000,S,,
1.281289000000000,8,,
1.281377000000000,c,,
1.281465000000000,Y,,
1.281554000000000,j,,
1.281642000000000,F,,
1.281730000000000,I,,
1.281818000000000,p,,
1.281906000000000,K,,
1.281994000000000,g,,
1.282083000000000,p,,
1.282171000000000,q,,
1.282259000000000,\r,,
1.282347000000000,\n,,
1.282435000000000,3,,
1.282523000000000,z,,
1.282612000000000,6,,
1.282700000000000,y,,
1.282788000000000,z,,
1.282876000000000,c,,
1.282964000000000,g,,
1.283052000000000,V,,
1.283140000000000,c,,
1.283229000000000,L,,
1.283317000000000,n,,
1.283405000000000,q,,
1.283493000000000,2,,
1.283581000000000,1,,
1.283669000000000,W,,
1.283758000000000,M,,
1.283846000000000,K,,
1.283934000000000,M,,
1.284022000000000,T,,
1.284110000000000,a,,
1.284198000000000,+,,
1.284286000000000,N,,
1.284375000000000,t,,
1.284463000000000,W,,
1.284551000000000,Z,,
1.284639000000000,K,,
1.284727000000000,u,,
1.284815000000000,e,,
1.284904000000000,w,,
1.284992000000000,d,,
1.285080000000000,W,,
1.285168000000000,g,,
1.285256000000000,y,,
1.285344000000000,q,,
1.285433000000000,4,,
1.285521000000000,a,,
1.285609000000000,W,,
1.285697000000000,6,,
1.285785000000000,w,,
1.285873000000000,z,,
1.285961000000000,a,,
1.286050000000000,l,,
1.286138000000000,f,,
1.286226000000000,l,,
1.286314000000000,B,,
1.286402000000000,K,,
1.286490000000000,6,,
1.286579000000000,k,,
1.286667000000000,p,,
1.286755000000000,m,,
1.286843000000000,U,,
1.286931000000000,6,,
1.287019000000000,E,,
1.287107000000000,G,,
1.287196000000000,A,,
1.287284000000000,K,,
1.287372000000000,1,,
1.287460000000000,P,,
1.287548000000000,h,,
1.287636000000000,V,,
1.287725000000000,w,,
1.287813000000000,q,,
1.287901000000000,D,,
1.287989000000000,R,,
1.288077000000000,s,,
1.288165000000000,+,,
1.288254000000000,p,,
1.288342000000000,P,,
1.288430000000000,4,,
1.288518000000000,B,,
1.288606000000000,b,,
1.288694000000000,d,,
1.288782000000000,q,,
1.288871000000000,J,,
1.288959000000000,q,,
1.289047000000000,u,,
1.289135000000000,\r,,
1.289223000000000,\n,,
1.289311000000000,W,,
1.289400000000000,4,,
1.289488000000000,u,,
1.289576000000000,+,,
1.289664000000000,x,,
1.289752000000000,J,,
1.289840000000000,4,,
1.289928000000000,j,,
1.290017000000000,4,,
1.290105000000000,H,,
1.290193000000000,T,,
1.290281000000000,V,,
1.290369000000000,s,,
1.290457000000000,6,,
1.290546000000000,s,,
1.290634000000000,Y,,
1.290722000000000,M,,
1.290810000000000,v,,
1.290898000000000,W,,
1.290986000000000,K,,
1.291075000000000,N,,
1.291163000000000,h,,
1.291251000000000,/,,
1.291339000000000,a,,
1.291427000000000,R,,
1.291515000000000,w,,
1.291603000000000,o,,
1.291692000000000,1,,
1.291780000000000,o,,
1.291868000000000,L,,
1.291956000000000,K,,
1.292044000000000,u,,
1.292132000000000,W,,
1.292221000000000,p,,
1.292309000000000,8,,
1.292397000000000,W,,
1.292485000000000,a,,
1.292573000000000,M,,
1.292661000000000,G,,
1.292749000000000,4,,
1.292838000000000,+,,
1.292926000000000,1,,
1.293014000000000,o,,
1.293102000000000,G,,
1.293190000000000,t,,
1.293278000000000,e,,
1.293367000000000,J,,
1.293455000000000,q,,
1.293543000000000,T,,
1.293631000000000,l,,
1.293719000000000,3,,
1.293807000000000,r,,
1.293896000000000,x,,
1.293984000000000,h,,
1.294072000000000,2,,
1.294160000000000,x,,
1.294248000000000,K,,
1.294336000000000,x,,
1.294424000000000,h,,
1.294513000000000,a,,
1.294601000000000,o,,
1.294689000000000,A,,
1.294777000000000,u,,
1.294865000000000,+,,
1.294953000000000,m,,
1.295042000000000,3,,
1.295130000000000,O,,
1.295218000000000,6,,
1.295306000000000,y,,
1.295394000000000,+,,
1.295482000000000,o,,
1.295570000000000,N,,
1.295659000000000,f,,
1.295747000000000,5,,
1.295835000000000,e,,
1.295923000000000,8,,
1.296011000000000,\r,,
1.296099000000000,\n,,
1.296188000000000,4,,
1.296276000000000,o,,
1.296364000000000,G,,
1.296452000000000,/,,
1.296540000000000,3,,
1.296628000000000,2,,
1.296717000000000,2,,
1.296805000000000,0,,
1.296893000000000,F,,
1.296981000000000,0,,
1.297069000000000,/,,
1.297157000000000,Z,,
1.297245000000000,a,,
1.297334000000000,6,,
1.297422000000000,c,,
1.297510000000000,r,,
1.297598000000000,E,,
1.297686000000000,x,,
1.297774000000000,V,,
1.297863000000000,i,,
1.297951000000000,b,,
1.298039000000000,V,,
1.298127000000000,H,,
1.298215000000000,P,,
1.298303000000000,4,,
1.298391000000000,G,,
1.298480000000000,r,,
1.298568000000000,Q,,
1.298656000000000,V,,
1.298744000000000,t,,
1.298832000000000,2,,
1.298920000000000,U,,
1.299009000000000,m,,
1.299097000000000,D,,
1.299185000000000,l,,
1.299273000000000,z,,
1.299361000000000,5,,
1.299449000000000,q,,
1.299538000000000,q,,
1.299626000000000,R,,
1.299714000000000,S,,
1.299802000000000,G,,
1.299890000000000,U,,
1.299978000000000,f,,
1.300066000000000,x,,
1.300155000000000,g,,
1.300243000000000,l,,
1.300331000000000,G,,
1.300419000000000,3,,
1.300507000000000,n,,
1.300595000000000,X,,
1.300684000000000,6,,
1.300772000000000,t,,
1.300860000000000,y,,
1.300948000000000,1,,
1.301036000000000,j,,
1.301124000000000,v,,
1.301212000000000,d,,
1.301301000000000,w,,
1.301389000000000,a,,
1.301477000000000,7,,
1.301565000000000,K,,
1.301653000000000,d,,
1.301741000000000,W,,
1.301830000000000,q,,
1.301918000000000,l,,
1.302006000000000,X,,
1.302094000000000,T,,
1.302182000000000,g,,
1.302270000000000,Z,,
1.302359000000000,W,,
1.302447000000000,6,,
1.302535000000000,9,,
1.302623000000000,n,,
1.302711000000000,9,,
1.302799000000000,c,,
1.302887000000000,\r,,
1.302976000000000,\n,,
1.303064000000000,f,,
1.303152000000000,5,,
1.303240000000000,W,,
1.303328000000000,h,,
1.303416000000000,F,,
1.303505000000000,4,,
1.303593000000000,Y,,
1.303681000000000,/,,
1.303769000000000,f,,
1.303857000000000,M,,
1.303945000000000,o,,
1.304033000000000,8,,
1.304122000000000,0,,
1.304210000000000,P,,
1.304298000000000,z,,
1.304386000000000,K,,
1.304474000000000,I,,
1.304562000000000,2,,
1.304651000000000,E,,
1.304739000000000,c,,
1.304827000000000,c,,
1.304915000000000,z,,
1.305003000000000,m,,
1.305091000000000,1,,
1.305179000000000,n,,
1.305268000000000,a,,
1.305356000000000,5,,
1.305444000000000,i,,
1.305532000000000,3,,
1.305620000000000,G,,
1.305708000000000,N,,
1.305797000000000,u,,
1.305885000000000,Q,,
1.305973000000000,a,,
1.306061000000000,x,,
1.306149000000000,p,,
1.306237000000000,c,,
1.306326000000000,D,,
1.306414000000000,W,,
1.306502000000000,o,,
1.306590000000000,r,,
1.306678000000000,q,,
1.306766000000000,v,,
1.306854000000000,G,,
1.306943000000000,N,,
1.307031000000000,p,,
1.307119000000000,W,,
1.307207000000000,M,,
1.307295000000000,J,,
1.307383000000000,6,,
1.307472000000000,7,,
1.307560000000000,P,,
1.307648000000000,Y,,
1.307736000000000,M,,
1.307824000000000,y,,
1.307912000000000,+,,
1.308000000000000,0,,
1.308089000000000,4,,
1.308177000000000,E,,
1.308265000000000,r,,
1.308353000000000,d,,
1.308441000000000,4,,
1.308529000000000,q,,
1.308618000000000,T,,
1.308706000000000,H,,
1.308794000000000,G,,
1.308882000000000,k,,
1.308970000000000,8,,
1.309058000000000,K,,
1.309147000000000,A,,
1.309235000000000,r,,
1.309323000000000,9,,
1.309411000000000,e,,
1.309499000000000,m,,
1.309587000000000,r,,
1.309675000000000,6,,
1.309764000000000,\r,,
1.309852000000000,\n,,
1.309940000000000,M,,
1.310028000000000,o,,
1.310116000000000,5,,
1.310204000000000,O,,
1.310293000000000,/,,
1.310381000000000,d,,
1.310469000000000,p,,
1.310557000000000,4,,
1.310645000000000,S,,
1.310733000000000,k,,
1.310821000000000,X,,
1.310910000000000,y,,
1.310998000000000,j,,
1.311086000000000,n,,
1.311174000000000,5,,
1.311262000000000,W,,
1.311350000000000,H,,
1.311439000000000,5,,
1.311527000000000,p,,
1.311615000000000,8,,
1.311703000000000,4,,
1.311791000000000,o,,
1.311879000000000,q,,
1.311968000000000,8,,
1.312056000000000,O,,
1.312144000000000,v,,
1.312232000000000,b,,
1.312320000000000,u,,
1.312408000000000,h,,
1.312496000000000,y,,
1.312585000000000,L,,
1.312673000000000,T,,
1.312761000000000,6,,
1.312849000000000,/,,
1.312937000000000,8,,
1.313025000000000,Q,,
1.313114000000000,/,,
1.313202000000000,e,,
1.313290000000000,N,,
1.313378000000000,y,,
1.313466000000000,p,,
1.313554000000000,1,,
1.313642000000000,2,,
1.313731000000000,Z,,
1.313819000000000,G,,
1.313907000000000,H,,
1.313995000000000,8,,
1.314083000000000,j,,
1.314171000000000,t,,
1.314260000000000,Q,,
1.314348000000000,2,,
1.314436000000000,u,,
1.314524000000000,B,,
1.314612000000000,p,,
1.314700000000000,V,,
1.314789000000000,1,,
1.314877000000000,1,,
1.314965000000000,R,,
1.315053000000000,i,,
1.315141000000000,G,,
1.315229000000000,5,,
1.315317000000000,j,,
1.315406000000000,4,,
1.315494000000000,X,,
1.315582000000000,y,,
1.315670000000000,M,,
1.315758000000000,i,,
1.315846000000000,7,,
1.315935000000000,T,,
1.316023000000000,v,,
1.316111000000000,3,,
1.316199000000000,C,,
1.316287000000000,8,,
1.316375000000000,5,,
1.316463000000000,8,,
1.316552000000000,b,,
1.316640000000000,\r,,
1.316728000000000,\n,,
1.316816000000000,e,,
1.316904000000000,O,,
1.316992000000000,7,,
1.317081000000000,t,,
1.317169000000000,R,,
1.317257000000000,G,,
1.317345000000000,l,,
1.317433000000000,3,,
1.317521000000000,g,,
1.317610000000000,9,,
1.317698000000000,Q,,
1.317786000000000,I,,
1.317874000000000,2,,
1.317962000000000,F,,
1.318050000000000,g,,
1.318138000000000,p,,
1.318227000000000,m,,
1.318315000000000,+,,
1.318403000000000,a,,
1.318491000000000,D,,
1.318579000000000,x,,
1.318667000000000,/,,
1.318756000000000,9,,
1.318844000000000,x,,
1.318932000000000,x,,
1.319020000000000,Y,,
1.319108000000000,p,,
1.319196000000000,Y,,
1.319284000000000,c,,
1.319373000000000,Y,,
1.319461000000000,B,,
1.319549000000000,j,,
1.319637000000000,1,,
1.319725000000000,0,,
1.319813000000000,t,,
1.319902000000000,x,,
1.319990000000000,9,,
1.320078000000000,N,,
1.320166000000000,O,,
1.320254000000000,d,,
1.320342000000000,d,,
1.320431000000000,m,,
1.320519000000000,W,,
1.320607000000000,i,,
1.320695000000000,n,,
1.320783000000000,n,,
1.320871000000000,Q,,
1.320959000000000,x,,
1.321048000000000,g,,
1.321136000000000,/,,
1.321224000000000,t,,
1.321312000000000,R,,
1.321400000000000,g,,
1.321488000000000,l,,
1.321577000000000,W,,
1.321665000000000,n,,
1.321753000000000,o,,
1.321841000000000,q,,
1.321929000000000,4,,
1.322017000000000,u,,
1.322105000000000,V,,
1.322194000000000,t,,
1.322282000000000,9,,
1.322370000000000,6,,
1.322458000000000,O,,
1.322546000000000,Q,,
1.322634000000000,+,,
1.322723000000000,x,,
1.322811000000000,n,,
1.322899000000000,M,,
1.322987000000000,E,,
1.323075000000000,Y,,
1.323163000000000,L,,
1.323252000000000,i,,
1.323340000000000,Q,,
1.323428000000000,D,,
1.323516000000000,\r,,
1.323604000000000,\n,,
1.323692000000000,V,,
1.323780000000000,x,,
1.323869000000000,6,,
1.323957000000000,u,,
1.324045000000000,L,,
1.324133000000000,v,,
1.324221000000000,u,,
1.324309000000000,V,,
1.324398000000000,a,,
1.324486000000000,5,,
1.324574000000000,P,,
1.324662000000000,/,,
1.324750000000000,+,,
1.324838000000000,J,,
1.324926000000000,p,,
1.325015000000000,U,,
1.325103000000000,N,,
1.325191000000000,l,,
1.325279000000000,W,,
1.325367000000000,6,,
1.325455000000000,+,,
1.325544000000000,I,,
1.325632000000000,v,,
1.325720000000000,J,,
1.325808000000000,9,,
1.325896000000000,M,,
1.325984000000000,D,,
1.326073000000000,g,,
1.326161000000000,t,,
1.326249000000000,O,,
1.326337000000000,U,,
1.326425000000000,j,,
1.326513000000000,t,,
1.326601000000000,d,,
1.326690000000000,e,,
1.326778000000000,V,,
1.326866000000000,y,,
1.326954000000000,R,,
1.327042000000000,E,,
1.327130000000000,t,,
1.327219000000000,e,,
1.327307000000000,V,,
1.327395000000000,2,,
1.327483000000000,D,,
1.327571000000000,q,,
1.327659000000000,0,,
1.327747000000000,F,,
1.327836000000000,V,,
1.327924000000000,X,,
1.328012000000000,T,,
1.328100000000000,W,,
1.328188000000000,U,,
1.328276000000000,8,,
1.328365000000000,C,,
1.328453000000000,l,,
1.328541000000000,d,,
1.328629000000000,u,,
1.328717000000000,d,,
1.328805000000000,E,,
1.328893000000000,Z,,
1.328982000000000,u,,
1.329070000000000,P,,
1.329158000000000,J,,
1.329246000000000,w,,
1.329334000000000,9,,
1.329422000000000,f,,
1.329511000000000,z,,
1.329599000000000,o,,
1.329687000000000,B,,
1.329775000000000,r,,
1.329863000000000,t,,
1.329951000000000,B,,
1.330040000000000,k,,
1.330128000000000,6,,
1.330216000000000,9,,
1.330304000000000,Z,,
1.330392000000000,\r,,
1.330480000000000,\n,,
1.330568000000000,b,,
1.330657000000000,n,,
1.330745000000000,X,,
1.330833000000000,f,,
1.330921000000000,2,,
1.331009000000000,W,,
1.331097000000000,0,,
1.331186000000000,9,,
1.331274000000000,d,,
1.331362000000000,/,,
1.331450000000000,b,,
1.331538000000000,8,,
1.331626000000000,f,,
1.331714000000000,x,,
1.331803000000000,r,,
1.331891000000000,Q,,
1.331979000000000,2,,
1.332067000000000,S,,
1.332155000000000,W,,
1.332243000000000,m,,
1.332332000000000,U,,
1.332420000000000,m,,
1.332508000000000,1,,
1.332596000000000,2,,
1.332684000000000,Z,,
1.332772000000000,a,,
1.332861000000000,A,,
1.332949000000000,T,,
1.333037000000000,Z,,
1.333125000000000,z,,
1.333213000000000,M,,
1.333301000000000,f,,
1.333389000000000,f,,
1.333478000000000,V,,
1.333566000000000,1,,
1.333654000000000,x,,
1.333742000000000,K,,
1.333830000000000,u,,
1.333918000000000,m,,
1.334007000000000,q,,
1.334095000000000,8,,
1.334183000000000,a,,
1.334271000000000,3,,
1.334359000000000,u,,
1.334447000000000,V,,
1.334535000000000,W,,
1.334624000000000,r,,
1.334712000000000,d,,
1.334800000000000,W,,
1.334888000000000,I,,
1.334976000000000,t,,
1.335064000000000,N,,
1.335153000000000,f,,
1.335241000000000,J,,
1.335329000000000,f,,
1.335417000000000,6,,
1.335505000000000,u,,
1.335593000000000,B,,
1.335682000000000,q,,
1.335770000000000,M,,
1.335858000000000,P,,
1.335946000000000,m,,
1.336034000000000,M,,
1.336122000000000,+,,
1.336210000000000,J,,
1.336299000000000,F,,
1.336387000000000,1,,
1.336475000000000,Y,,
1.336563000000000,9,,
1.336651000000000,x,,
1.336739000000000,V,,
1.336828000000000,r,,
1.336916000000000,X,,
1.337004000000000,9,,
1.337092000000000,u,,
1.337180000000000,P,,
1.337268000000000,\r,,
1.337356000000000,\n,,
1.337445000000000,2,,
1.337533000000000,X,,
1.337621000000000,9,,
1.337709000000000,q,,
1.337797000000000,j,,
1.337885000000000,Z,,
1.337974000000000,O,,
1.338062000000000,z,,
1.338150000000000,4,,
1.338238000000000,1,,
1.338326000000000,e,,
1.338414000000000,1,,
1.338503000000000,X,,
1.338591000000000,n,,
1.338679000000000,C,,
1.338767000000000,i,,
1.338855000000000,8,,
1.338943000000000,6,,
1.339031000000000,4,,
1.339120000000000,M,,
1.339208000000000,1,,
1.339296000000000,E,,
1.339384000000000,+,,
1.339472000000000,2,,
1.339560000000000,t,,
1.339649000000000,s,,
1.339737000000000,H,,
1.339825000000000,V,,
1.339913000000000,o,,
1.340001000000000,J,,
1.340089000000000,q,,
1.340177000000000,u,,
1.340266000000000,G,,
1.340354000000000,o,,
1.340442000000000,N,,
1.340530000000000,V,,
1.340618000000000,+,,
1.340706000000000,6,,
1.340795000000000,J,,
1.340883000000000,k,,
1.340971000000000,C,,
1.341059000000000,i,,
1.341147000000000,P,,
1.341235000000000,v,,
1.341324000000000,O,,
1.341412000000000,j,,
1.341500000000000,6,,
1.341588000000000,8,,
1.341676000000000,9,,
1.341764000000000,X,,
1.341852000000000,I,,
1.341941000000000,1,,
1.342029000000000,a,,
1.342117000000000,D,,
1.342205000000000,5,,
1.342293000000000,t,,
1.342381000000000,P,,
1.342470000000000,v,,
1.342558000000000,V,,
1.342646000000000,v,,
1.342734000000000,l,,
1.342822000000000,h,,
1.342910000000000,2,,
1.342998000000000,f,,
1.343087000000000,u,,
1.343175000000000,O,,
1.343263000000000,5,,
1.343351000000000,f,,
1.343439000000000,Q,,
1.343527000000000,6,,
1.343616000000000,9,,
1.343704000000000,a,,
1.343792000000000,d,,
1.343880000000000,G,,
1.343968000000000,v,,
1.344056000000000,8,,
1.344145000000000,\r,,
1.344233000000000,\n,,
1.344321000000000,8,,
1.344409000000000,7,,
1.344497000000000,z,,
1.344585000000000,W,,
1.344673000000000,3,,
1.344762000000000,4,,
1.344850000000000,i,,
1.344938000000000,K,,
1.345026000000000,L,,
1.345114000000000,x,,
1.345202000000000,l,,
1.345291000000000,T,,
1.345379000000000,o,,
1.345467000000000,L,,
1.345555000000000,a,,
1.345643000000000,7,,
1.345731000000000,0,,
1.345819000000000,k,,
1.345908000000000,x,,
1.345996000000000,l,,
1.346084000000000,L,,
1.346172000000000,8,,
1.346260000000000,P,,
1.346348000000000,W,,
1.346437000000000,g,,
1.346525000000000,y,,
1.346613000000000,q,,
1.346701000000000,6,,
1.346789000000000,q,,
1.346877000000000,p,,
1.346966000000000,O,,
1.347054000000000,o,,
1.347142000000000,v,,
1.347230000000000,Z,,
1.347318000000000,4,,
1.347406000000000,L,,
1.347494000000000,F,,
1.347583000000000,H,,
1.347671000000000,9,,
1.347759000000000,L,,
1.347847000000000,P,,
1.347935000000000,H,,
1.348023000000000,D,,
1.348112000000000,l,,
1.348200000000000,5,,
1.348288000000000,+,,
1.348376000000000,q,,
1.348464000000000,0,,
1.348552000000000,Y,,
1.348640000000000,j,,
1.348729000000000,c,,
1.348817000000000,N,,
1.348905000000000,m,,
1.348993000000000,j,,
1.349081000000000,+,,
1.349169000000000,C,,
1.349258000000000,3,,
1.349346000000000,/,,
1.349434000000000,w,,
1.349522000000000,0,,
1.349610000000000,6,,
1.349698000000000,9,,
1.349787000000000,N,,
1.349875000000000,e,,
1.349963000000000,+,,
1.350051000000000,m,,
1.350139000000000,2,,
1.350227000000000,i,,
1.350315000000000,m,,
1.350404000000000,s,,
1.350492000000000,X,,
1.350580000000000,w,,
1.350668000000000,v,,
1.350756000000000,6,,
1.350844000000000,i,,
1.350933000000000,Y,,
1.351021000000000,\r,,
1.351109000000000,\n,,
1.351197000000000,g,,
1.351285000000000,I,,
1.351373000000000,o,,
1.351461000000000,v,,
1.351550000000000,G,,
1.351638000000000,b,,
1.351726000000000,u,,
1.351814000000000,8,,
1.351902000000000,O,,
1.351990000000000,u,,
1.352079000000000,h,,
1.352167000000000,K,,
1.352255000000000,q,,
1.352343000000000,O,,
1.352431000000000,c,,
1.352519000000000,D,,
1.352608000000000,r,,
1.352696000000000,c,,
1.352784000000000,D,,
1.352872000000000,k,,
1.352960000000000,d,,
1.353048000000000,6,,
1.353136000000000,t,,
1.353225000000000,d,,
1.353313000000000,r,,
1.353401000000000,i,,
1.353489000000000,Z,,
1.353577000000000,p,,
1.353665000000000,f,,
1.353754000000000,r,,
1.353842000000000,7,,
1.353930000000000,m,,
1.354018000000000,2,,
1.354106000000000,Z,,
1.354194000000000,l,,
1.354282000000000,S,,
1.354371000000000,a,,
1.354459000000000,i,,
1.354547000000000,M,,
1.354635000000000,T,,
1.354723000000000,+,,
1.354811000000000,y,,
1.354900000000000,+,,
1.354988000000000,f,,
1.355076000000000,y,,
1.355164000000000,R,,
1.355252000000000,N,,
1.355340000000000,i,,
1.355428000000000,Y,,
1.355517000000000,M,,
1.355605000000000,u,,
1.355693000000000,a,,
1.355781000000000,/,,
1.355869000000000,b,,
1.355957000000000,O,,
1.356046000000000,Z,,
1.356134000000000,4,,
1.356222000000000,o,,
1.356310000000000,3,,
1.356398000000000,B,,
1.356486000000000,+,,
1.356575000000000,Z,,
1.356663000000000,8,,
1.356751000000000,e,,
1.356839000000000,f,,
1.356927000000000,q,,
1.357015000000000,m,,
1.357103000000000,g,,
1.357192000000000,P,,
1.357280000000000,4,,
1.357368000000000,W,,
1.357456000000000,6,,
1.357544000000000,a,,
1.357632000000000,q,,
1.357721000000000,E,,
1.357809000000000,y,,
1.357897000000000,\r,,
1.357985000000000,\n,,
1.358073000000000,V,,
1.358161000000000,x,,
1.358249000000000,1,,
1.358338000000000,Z,,
1.358426000000000,h,,
1.358514000000000,V,,
1.358602000000000,A,,
1.358690000000000,D,,
1.358778000000000,F,,
1.358867000000000,v,,
1.358955000000000,i,,
1.359043000000000,6,,
1.359131000000000,W,,
1.359219000000000,m,,
1.359307000000000,5,,
1.359396000000000,k,,
1.359484000000000,D,,
1.359572000000000,F,,
1.359660000000000,D,,
1.359748000000000,f,,
1.359836000000000,4,,
1.359924000000000,C,,
1.360013000000000,r,,
1.360101000000000,U,,
1.360189000000000,x,,
1.360277000000000,V,,
1.360365000000000,W,,
1.360453000000000,p,,
1.360542000000000,v,,
1.360630000000000,1,,
1.360718000000000,L,,
1.360806000000000,f,,
1.360894000000000,4,,
1.360982000000000,C,,
1.361070000000000,r,,
1.361159000000000,U,,
1.361247000000000,x,,
1.361335000000000,F,,
1.361423000000000,W,,
1.361511000000000,Z,,
1.361599000000000,s,,
1.361688000000000,d,,
1.361776000000000,U,,
1.361864000000000,4,,
1.361952000000000,u,,
1.362040000000000,A,,
1.362128000000000,o,,
1.362217000000000,1,,
1.362305000000000,c,,
1.362393000000000,V,,
1.362481000000000,X,,
1.362569000000000,q,,
1.362657000000000,B,,
1.362745000000000,d,,
1.362834000000000,a,,
1.362922000000000,v,,
1.363010000000000,5,,
1.363098000000000,i,,
1.363186000000000,p,,
1.363274000000000,o,,
1.363363000000000,d,,
1.363451000000000,t,,
1.363539000000000,b,,
1.363627000000000,C,,
1.363715000000000,1,,
1.363803000000000,e,,
1.363891000000000,h,,
1.363980000000000,T,,
1.364068000000000,1,,
1.364156000000000,D,,
1.364244000000000,m,,
1.364332000000000,4,,
1.364420000000000,C,,
1.364509000000000,h,,
1.364597000000000,J,,
1.364685000000000,G,,
1.364773000000000,\r,,
1.364861000000000,\n,,
1.364949000000000,a,,
1.365038000000000,+,,
1.365126000000000,y,,
1.365214000000000,b,,
1.365302000000000,6,,
1.365390000000000,w,,
1.365478000000000,v,,
1.365566000000000,p,,
1.365655000000000,B,,
1.365743000000000,C,,
1.365831000000000,k,,
1.365919000000000,O,,
1.366007000000000,W,,
1.366095000000000,L,,
1.366184000000000,c,,
1.366272000000000,H,,
1.366360000000000,W,,
1.366448000000000,k,,
1.366536000000000,E,,
1.366624000000000,M,,
1.366712000000000,S,,
1.366801000000000,T,,
1.366889000000000,l,,
1.366977000000000,1,,
1.367065000000000,l,,
1.367153000000000,j,,
1.367241000000000,y,,
1.367330000000000,p,,
1.367418000000000,A,,
1.367506000000000,r,,
1.367594000000000,L,,
1.367682000000000,5,,
1.367770000000000,g,,
1.367859000000000,Z,,
1.367947000000000,l,,
1.368035000000000,V,,
1.368123000000000,r,,
1.368211000000000,X,,
1.368299000000000,F,,
1.368387000000000,v,,
1.368476000000000,D,,
1.368564000000000,q,,
1.368652000000000,w,,
1.368740000000000,O,,
1.368828000000000,k,,
1.368916000000000,h,,
1.369005000000000,/,,
1.369093000000000,J,,
1.369181000000000,z,,
1.369269000000000,K,,
1.369357000000000,r,,
1.369445000000000,e,,
1.369533000000000,y,,
1.369622000000000,O,,
1.369710000000000,b,,
1.369798000000000,A,,
1.369886000000000,C,,
1.369974000000000,q,,
1.370062000000000,d,,
1.370151000000000,8,,
1.370239000000000,L,,
1.370327000000000,H,,
1.370415000000000,8,,
1.370503000000000,j,,
1.370591000000000,+,,
1.370680000000000,n,,
1.370768000000000,t,,
1.370856000000000,7,,
1.370944000000000,h,,
1.371032000000000,Z,,
1.371120000000000,l,,
1.371208000000000,V,,
1.371297000000000,r,,
1.371385000000000,Z,,
1.371473000000000,F,,
1.371561000000000,a,,
1.371649000000000,\r,,
1.371737000000000,\n,,
1.371826000000000,K,,
1.371914000000000,U,,
1.372002000000000,u,,
1.372090000000000,u,,
1.372178000000000,n,,
1.372266000000000,+,,
1.372354000000000,s,,
1.372443000000000,r,,
1.372531000000000,a,,
1.372619000000000,Z,,
1.372707000000000,c,,
1.372795000000000,D,,
1.372883000000000,v,,
1.372972000000000,4,,
1.373060000000000,9,,
1.373148000000000,U,,
1.373236000000000,t,,
1.373324000000000,V,,
1.373412000000000,X,,
1.373501000000000,l,,
1.373589000000000,g,,
1.373677000000000,h,,
1.373765000000000,q,,
1.373853000000000,h,,
1.373941000000000,F,,
1.374029000000000,t,,
1.374118000000000,J,,
1.374206000000000,v,,
1.374294000000000,z,,
1.374382000000000,H,,
1.374470000000000,1,,
1.374558000000000,6,,
1.374647000000000,a,,
1.374735000000000,6,,
1.374823000000000,k,,
1.374911000000000,4,,
1.374999000000000,s,,
1.375087000000000,P,,
1.375175000000000,T,,
1.375264000000000,w,,
1.375352000000000,s,,
1.375440000000000,t,,
1.375528000000000,G,,
1.375616000000000,Z,,
1.375704000000000,5,,
1.375793000000000,x,,
1.375881000000000,H,,
1.375969000000000,e,,
1.376057000000000,p,,
1.376145000000000,5,,
1.376233000000000,7,,
1.376322000000000,5,,
1.376410000000000,4,,
1.376498000000000,t,,
1.376586000000000,7,,
1.376674000000000,M,,
1.376762000000000,C,,
1.376850000000000,/,,
1.376939000000000,V,,
1.377027000000000,A,,
1.377115000000000,V,,
1.377203000000000,n,,
1.377291000000000,z,,
1.377379000000000,C,,
1.377468000000000,y,,
1.377556000000000,R,,
1.377644000000000,V,,
1.377732000000000,f,,
1.377820000000000,j,,
1.377908000000000,G,,
1.377996000000000,U,,
1.378085000000000,m,,
1.378173000000000,N,,
1.378261000000000,J,,
1.378349000000000,e,,
1.378437000000000,K,,
1.378525000000000,\r,,
1.378614000000000,\n,,
1.378702000000000,x,,
1.378790000000000,B,,
1.378878000000000,6,,
1.378966000000000,t,,
1.379054000000000,6,,
1.379142000000000,o,,
1.379231000000000,f,,
1.379319000000000,d,,
1.379407000000000,I,,
1.379495000000000,J,,
1.379583000000000,/,,
1.379671000000000,Y,,
1.379760000000000,X,,
1.379848000000000,q,,
1.379936000000000,W,,
1.380024000000000,w,,
1.380112000000000,7,,
1.380200000000000,f,,
1.380289000000000,2,,
1.380377000000000,8,,
1.380465000000000,V,,
1.380553000000000,x,,
1.380641000000000,v,,
1.380729000000000,1,,
1.380817000000000,h,,
1.380906000000000,F,,
1.380994000000000,a,,
1.381082000000000,F,,
1.381170000000000,a,,
1.381258000000000,4,,
1.381346000000000,d,,
1.381435000000000,k,,
1.381523000000000,w,,
1.381611000000000,b,,
1.381699000000000,K,,
1.381787000000000,h,,
1.381875000000000,i,,
1.381963000000000,p,,
1.382052000000000,o,,
1.382140000000000,W,,
1.382228000000000,G,,
1.382316000000000,q,,
1.382404000000000,o,,
1.382492000000000,0,,
1.382581000000000,i,,
1.382669000000000,d,,
1.382757000000000,9,,
1.382845000000000,l,,
1.382933000000000,R,,
1.383021000000000,V,,
1.383110000000000,z,,
1.383198000000000,V,,
1.383286000000000,t,,
1.383374000000000,V,,
1.383462000000000,4,,
1.383550000000000,j,,
1.383638000000000,X,,
1.383727000000000,C,,
1.383815000000000,V,,
1.383903000000000,f,,
1.383991000000000,c,,
1.384079000000000,b,,
1.384167000000000,V,,
1.384256000000000,G,,
1.384344000000000,D,,
1.384432000000000,M,,
1.384520000000000,U,,
1.384608000000000,f,,
1.384696000000000,S,,
1.384784000000000,F,,
1.384873000000000,U,,
1.384961000000000,V,,
1.385049000000000,V,,
1.385137000000000,x,,
1.385225000000000,M,,
1.385313000000000,K,,
1.385402000000000,\r,,
1.385490000000000,\n,,
1.385578000000000,u,,
1.385666000000000,n,,
1.385754000000000,d,,
1.385842000000000,I,,
1.385931000000000,4,,
1.386019000000000,m,,
1.386107000000000,q,,
1.386195000000000,N,,
1.386283000000000,W,,
1.386371000000000,B,,
1.386459000000000,b,,
1.386548000000000,b,,
1.386636000000000,f,,
1.386724000000000,F,,
1.386812000000000,o,,
1.386900000000000,V,,
1.386988000000000,V,,
1.387077000000000,+,,
1.387165000000000,N,,
1.387253000000000,J,,
1.387341000000000,8,,
1.387429000000000,s,,
1.387517000000000,N,,
1.387605000000000,f,,
1.387694000000000,O,,
1.387782000000000,E,,
1.387870000000000,/,,
1.387958000000000,E,,
1.388046000000000,1,,
1.388134000000000,T,,
1.388223000000000,o,,
1.388311000000000,R,,
1.388399000000000,e,,
1.388487000000000,9,,
1.388575000000000,R,,
1.388663000000000,f,,
1.388752000000000,V,,
1.388840000000000,V,,
1.388928000000000,y,,
1.389016000000000,V,,
1.389104000000000,Z,,
1.389192000000000,1,,
1.389280000000000,n,,
1.389369000000000,O,,
1.389457000000000,c,,
1.389545000000000,s,,
1.389633000000000,r,,
1.389721000000000,2,,
1.389809000000000,d,,
1.389898000000000,I,,
1.389986000000000,4,,
1.390074000000000,I,,
1.390162000000000,X,,
1.390250000000000,K,,
1.390338000000000,0,,
1.390426000000000,V,,
1.390515000000000,A,,
1.390603000000000,9,,
1.390691000000000,/,,
1.390779000000000,Q,,
1.390867000000000,2,,
1.390955000000000,0,,
1.391044000000000,a,,
1.391132000000000,q,,
1.391220000000000,4,,
1.391308000000000,q,,
1.391396000000000,r,,
1.391484000000000,a,,
1.391573000000000,Z,,
1.391661000000000,B,,
1.391749000000000,i,,
1.391837000000000,G,,
1.391925000000000,k,,
1.392013000000000,/,,
1.392101000000000,+,,
1.392190000000000,a,,
1.392278000000000,\r,,
1.392366000000000,\n,,
1.392454000000000,l,,
1.392542000000000,W,,
1.392630000000000,G,,
1.392719000000000,N,,
1.392807000000000,q,,
1.392895000000000,z,,
1.392983000000000,V,,
1.393071000000000,j,,
1.393159000000000,Y,,
1.393247000000000,N,,
1.393336000000000,4,,
1.393424000000000,T,,
1.393512000000000,j,,
1.393600000000000,2,,
1.393688000000000,8,,
1.393776000000000,d,,
1.393865000000000,r,,
1.393953000000000,5,,
1.394041000000000,K,,
1.394129000000000,r,,
1.394217000000000,w,,
1.394305000000000,d,,
1.394394000000000,i,,
1.394482000000000,7,,
1.394570000000000,q,,
1.394658000000000,w,,
1.394746000000000,c,,
1.394834000000000,b,,
1.394922000000000,Y,,
1.395011000000000,W,,
1.395099000000000,N,,
1.395187000000000,w,,
1.395275000000000,0,,
1.395363000000000,2,,
1.395451000000000,G,,
1.395540000000000,f,,
1.395628000000000,D,,
1.395716000000000,V,,
1.395804000000000,k,,
1.395892000000000,A,,
1.395980000000000,A,,
1.396068000000000,A,,
1.396157000000000,A,,
1.396245000000000,A,,
1.396333000000000,A,,
1.396421000000000,A,,
1.396509000000000,A,,
1.396597000000000,A,,
1.396686000000000,A,,
1.396774000000000,A,,
1.396862000000000,A,,
1.396950000000000,A,,
1.397038000000000,A,,
1.397126000000000,A,,
1.397215000000000,A,,
1.397303000000000,A,,
1.397391000000000,A,,
1.397479000000000,A,,
1.397567000000000,A,,
1.397655000000000,A,,
1.397743000000000,A,,
1.397832000000000,A,,
1.397920000000000,A,,
1.398008000000000,A,,
1.398096000000000,A,,
1.398184000000000,A,,
1.398272000000000,A,,
1.398361000000000,A,,
1.398449000000000,A,,
1.398537000000000,A,,
1.398625000000000,A,,
1.398713000000000,A,,
1.398801000000000,A,,
1.398889000000000,A,,
1.398978000000000,A,,
1.399066000000000,A,,
1.399154000000000,\r,,
1.399242000000000,\n,,
1.399330000000000,A,,
1.399418000000000,A,,
1.399507000000000,A,,
1.399595000000000,A,,
1.399683000000000,A,,
1.399771000000000,A,,
1.399859000000000,A,,
1.399947000000000,A,,
1.400036000000000,A,,
1.400124000000000,A,,
1.400212000000000,A,,
1.400300000000000,A,,
1.400388000000000,A,,
1.400476000000000,A,,
1.400564000000000,A,,
1.400653000000000,A,,
1.400741000000000,/,,
1.400829000000000,c,,
1.400917000000000,x,,
1.401005000000000,s,,
1.401093000000000,N,,
1.401182000000000,d,,
1.401270000000000,H,,
1.401358000000000,G,,
1.401446000000000,4,,
1.401534000000000,P,,
1.401622000000000,x,,
1.401710000000000,P,,
1.401799000000000,f,,
1.401887000000000,8,,
1.401975000000000,Y,,
1.402063000000000,T,,
1.402151000000000,c,,
1.402239000000000,v,,
1.402328000000000,o,,
1.402416000000000,N,,
1.402504000000000,V,,
1.402592000000000,U,,
1.402680000000000,n,,
1.402768000000000,W,,
1.402857000000000,p,,
1.402945000000000,+,,
1.403033000000000,5,,
1.403121000000000,o,,
1.403209000000000,o,,
1.403297000000000,Z,,
1.403385000000000,N,,
1.403474000000000,n,,
1.403562000000000,W,,
1.403650000000000,N,,
1.403738000000000,x,,
1.403826000000000,6,,
1.403914000000000,U,,
1.404003000000000,O,,
1.404091000000000,i,,
1.404179000000000,1,,
1.404267000000000,3,,
1.404355000000000,a,,
1.404443000000000,s,,
1.404531000000000,Q,,
1.404620000000000,q,,
1.404708000000000,i,,
1.404796000000000,v,,
1.404884000000000,f,,
1.404972000000000,7,,
1.405060000000000,v,,
1.405149000000000,i,,
1.405237000000000,k,,
1.405325000000000,u,,
1.405413000000000,o,,
1.405501000000000,/,,
1.405589000000000,6,,
1.405677000000000,g,,
1.405766000000000,3,,
1.405854000000000,b,,
1.405942000000000,o,,
1.406030000000000,\r,,
1.406118000000000,\n,,
1.406206000000000,q,,
1.406295000000000,a,,
1.406383000000000,s,,
1.406471000000000,3,,
1.406559000000000,D,,
1.406647000000000,4,,
1.406735000000000,e,,
1.406824000000000,9,,
1.406912000000000,c,,
1.407000000000000,z,,
1.407088000000000,U,,
1.407176000000000,M,,
1.407264000000000,1,,
1.407352000000000,2,,
1.407441000000000,3,,
1.407529000000000,p,,
1.407617000000000,W,,
1.407705000000000,r,,
1.407793000000000,N,,
1.407881000000000,Q,,
1.407970000000000,A,,
1.408058000000000,X,,
1.408146000000000,r,,
1.408234000000000,p,,
1.408322000000000,q,,
1.408410000000000,n,,
1.408498000000000,r,,
1.408587000000000,C,,
1.408675000000000,S,,
1.408763000000000,U,,
1.408851000000000,e,,
1.408939000000000,u,,
1.409027000000000,n,,
1.409116000000000,v,,
1.409204000000000,/,,
1.409292000000000,o,,
1.409380000000000,M,,
1.409468000000000,9,,
1.409556000000000,s,,
1.409645000000000,l,,
1.409733000000000,z,,
1.409821000000000,O,,
1.409909000000000,B,,
1.409997000000000,+,,
1.410085000000000,+,,
1.410173000000000,A,,
1.410262000000000,j,,
1.410350000000000,U,,
1.410438000000000,k,,
1.410526000000000,B,,
1.410614000000000,6,,
1.410702000000000,6,,
1.410791000000000,2,,
1.410879000000000,l,,
1.410967000000000,z,,
1.411055000000000,T,,
1.411143000000000,6,,
1.411231000000000,N,,
1.411319000000000,z,,
1.411408000000000,V,,
1.411496000000000,5,,
1.411584000000000,W,,
1.411672000000000,s,,
1.411760000000000,m,,
1.411848000000000,Y,,
1.411937000000000,w,,
1.412025000000000,/,,
1.412113000000000,E,,
1.412201000000000,i,,
1.412289000000000,1,,
1.412377000000000,e,,
1.412466000000000,/,,
1.412554000000000,v,,
1.412642000000000,3,,
1.412730000000000,F,,
1.412818000000000,Z,,
1.412906000000000,\r,,
1.412994000000000,\n,,
1.413083000000000,2,,
1.413171000000000,w,,
1.413259000000000,1,,
1.413347000000000,D,,
1.413435000000000,5,,
1.413523000000000,e,,
1.413612000000000,i,,
1.413700000000000,h,,
1.413788000000000,q,,
1.413876000000000,9,,
1.413964000000000,c,,
1.414052000000000,v,,
1.414140000000000,C,,
1.414229000000000,T,,
1.414317000000000,t,,
1.414405000000000,1,,
1.414493000000000,t,,
1.414581000000000,f,,
1.414669000000000,n,,
1.414758000000000,0,,
1.414846000000000,q,,
1.414934000000000,c,,
1.415022000000000,T,,
1.415110000000000,D,,
1.415198000000000,G,,
1.415287000000000,x,,
1.415375000000000,N,,
1.415463000000000,P,,
1.415551000000000,a,,
1.415639000000000,r,,
1.415727000000000,i,,
1.415815000000000,D,,
1.415904000000000,G,,
1.415992000000000,V,,
1.416080000000000,b,,
1.416168000000000,/,,
1.416256000000000,0,,
1.416344000000000,D,,
1.416433000000000,t,,
1.416521000000000,X,,
1.416609000000000,x,,
1.416697000000000,/,,
1.416785000000000,R,,
1.416873000000000,j,,
1.416961000000000,o,,
1.417050000000000,9,,
1.417138000000000,p,,
1.417226000000000,1,,
1.417314000000000,9,,
1.417402000000000,c,,
1.417490000000000,r,,
1.417579000000000,J,,
1.417667000000000,m,,
1.417755000000000,T,,
1.417843000000000,t,,
1.417931000000000,z,,
1.418019000000000,l,,
1.418108000000000,q,,
1.418196000000000,s,,
1.418284000000000,8,,
1.418372000000000,2,,
1.418460000000000,7,,
1.418548000000000,m,,
1.418636000000000,P,,
1.418725000000000,6,,
1.418813000000000,J,,
1.418901000000000,m,,
1.418989000000000,r,,
1.419077000000000,6,,
1.419165000000000,z,,
1.419254000000000,d,,
1.419342000000000,o,,
1.419430000000000,o,,
1.419518000000000,9,,
1.419606000000000,p,,
1.419694000000000,z,,
1.419782000000000,\r,,
1.419871000000000,\n,,
1.419959000000000,d,,
1.420047000000000,f,,
1.420135000000000,r,,
1.420223000000000,r,,
1.420311000000000,f,,
1.420400000000000,/,,
1.420488000000000,b,,
1.420576000000000,d,,
1.420664000000000,q,,
1.420752000000000,Y,,
1.420840000000000,f,,
1.420929000000000,i,,
1.421017000000000,/,,
1.421105000000000,t,,
1.421193000000000,v,,
1.421281000000000,U,,
1.421369000000000,M,,
1.421457000000000,+,,
1.421546000000000,o,,
1.421634000000000,Z,,
1.421722000000000,P,,
1.421810000000000,y,,
1.421898000000000,8,,
1.421986000000000,4,,
1.422075000000000,n,,
1.422163000000000,k,,
1.422251000000000,I,,
1.422339000000000,K,,
1.422427000000000,9,,
1.422515000000000,a,,
1.422603000000000,N,,
1.422692000000000,n,,
1.422780000000000,r,,
1.422868000000000,q,,
1.422956000000000,4,,
1.423044000000000,d,,
1.423132000000000,6,,
1.423221000000000,d,,
1.423309000000000,R,,
1.423397000000000,V,,
1.423485000000000,e,,
1.423573000000000,T,,
1.423661000000000,K,,
1.423750000000000,e,,
1.423838000000000,7,,
1.423926000000000,Q,,
1.424014000000000,H,,
1.424102000000000,O,,
1.424190000000000,Q,,
1.424278000000000,/,,
1.424367000000000,u,,
1.424455000000000,j,,
1.424543000000000,g,,
1.424631000000000,8,,
1.424719000000000,9,,
1.424807000000000,f,,
1.424896000000000,a,,
1.424984000000000,K,,
1.425072000000000,d,,
1.425160000000000,p,,
1.425248000000000,q,,
1.425336000000000,C,,
1.425424000000000,K,,
1.425513000000000,9,,
1.425601000000000,c,,
1.425689000000000,n,,
1.425777000000000,X,,
1.425865000000000,Z,,
1.425953000000000,j,,
1.426042000000000,W,,
1.426130000000000,E,,
1.426218000000000,v,,
1.426306000000000,X,,
1.426394000000000,Q,,
1.426482000000000,2,,
1.426571000000000,2,,
1.426659000000000,\r,,
1.426747000000000,\n,,
1.426835000000000,b,,
1.426923000000000,W,,
1.427011000000000,0,,
1.427099000000000,d,,
1.427188000000000,3,,
1.427276000000000,L,,
1.427364000000000,G,,
1.427452000000000,9,,
1.427540000000000,n,,
1.427628000000000,a,,
1.427717000000000,a,,
1.427805000000000,h,,
1.427893000000000,i,,
1.427981000000000,v,,
1.428069000000000,T,,
1.428157000000000,I,,
1.428245000000000,1,,
1.428334000000000,d,,
1.428422000000000,E,,
1.428510000000000,7,,
1.428598000000000,w,,
1.428686000000000,t,,
1.428774000000000,6,,
1.428863000000000,6,,
1.428951000000000,2,,
1.429039000000000,n,,
1.429127000000000,w,,
1.429215000000000,h,,
1.429303000000000,O,,
1.429391000000000,n,,
1.429480000000000,q,,
1.429568000000000,x,,
1.429656000000000,n,,
1.429744000000000,a,,
1.429832000000000,a,,
1.429920000000000,h,,
1.430009000000000,i,,
1.430097000000000,v,,
1.430185000000000,T,,
1.430273000000000,I,,
1.430361000000000,1,,
1.430449000000000,d,,
1.430538000000000,s,,
1.430626000000000,b,,
1.430714000000000,P,,
1.430802000000000,X,,
1.430890000000000,Y,,
1.430978000000000,1,,
1.431066000000000,u,,
1.431155000000000,B,,
1.431243000000000,g,,
1.431331000000000,d,,
1.431419000000000,5,,
1.431507000000000,V,,
1.431595000000000,G,,
1.431684000000000,M,,
1.431772000000000,f,,
1.431860000000000,U,,
1.431948000000000,N,,
1.432036000000000,v,,
1.432124000000000,X,,
1.432212000000000,L,,
1.432301000000000,1,,
1.432389000000000,/,,
1.432477000000000,l,,
1.432565000000000,6,,
1.432653000000000,l,,
1.432741000000000,q,,
1.432830000000000,T,,
1.432918000000000,1,,
1.433006000000000,z,,
1.433094000000000,d,,
1.433182000000000,v,,
1.433270000000000,q,,
1.433359000000000,N,,
1.433447000000000,1,,
1.433535000000000,\r,,
1.433623000000000,\n,,
1.433711000000000,9,,
1.433799000000000,I,,
1.433887000000000,1,,
1.433976000000000,2,,
1.434064000000000,m,,
1.434152000000000,o,,
1.434240000000000,Y,,
1.434328000000000,q,,
1.434416000000000,0,,
1.434505000000000,h,,
1.434593000000000,N,,
1.434681000000000,X,,
1.434769000000000,F,,
1.434857000000000,9,,
1.434945000000000,0,,
1.435033000000000,V,,
1.435122000000000,U,,
1.435210000000000,7,,
1.435298000000000,U,,
1.435386000000000,n,,
1.435474000000000,r,,
1.435562000000000,j,,
1.435651000000000,6,,
1.435739000000000,8,,
1.435827000000000,2,,
1.435915000000000,/,,
1.436003000000000,+,,
1.436091000000000,6,,
1.436180000000000,o,,
1.436268000000000,R,,
1.436356000000000,b,,
1.436444000000000,0,,
1.436532000000000,w,,
1.436620000000000,l,,
1.436708000000000,V,,
1.436797000000000,Z,,
1.436885000000000,s,,
1.436973000000000,G,,
1.437061000000000,o,,
1.437149000000000,8,,
1.437237000000000,2,,
1.437326000000000,E,,
1.437414000000000,N,,
1.437502000000000,X,,
1.437590000000000,z,,
1.437678000000000,5,,
1.437766000000000,9,,
1.437854000000000,r,,
1.437943000000000,H,,
1.438031000000000,T,,
1.438119000000000,1,,
1.438207000000000,+,,
1.438295000000000,t,,
1.438383000000000,J,,
1.438472000000000,2,,
1.438560000000000,2,,
1.438648000000000,o,,
1.438736000000000,Y,,
1.438824000000000,L,,
1.438912000000000,0,,
1.439001000000000,w,,
1.439089000000000,t,,
1.439177000000000,U,,
1.439265000000000,7,,
1.439353000000000,o,,
1.439441000000000,5,,
1.439529000000000,S,,
1.439618000000000,V,,
1.439706000000000,u,,
1.439794000000000,/,,
1.439882000000000,Z,,
1.439970000000000,f,,
1.440058000000000,B,,
1.440147000000000,V,,
1.440235000000000,e,,
1.440323000000000,7,,
1.440411000000000,\r,,
1.440499000000000,\n,,
1.440587000000000,m,,
1.440675000000000,B,,
1.440764000000000,c,,
1.440852000000000,D,,
1.440940000000000,5,,
1.441028000000000,a,,
1.441116000000000,Y,,
1.441204000000000,H,,
1.441293000000000,r,,
1.441381000000000,h,,
1.441469000000000,5,,
1.441557000000000,4,,
1.441645000000000,p,,
1.441733000000000,H,,
1.441822000000000,X,,
1.441910000000000,S,,
1.441998000000000,8,,
1.442086000000000,M,,
1.442174000000000,0,,
1.442262000000000,L,,
1.442350000000000,c,,
1.442439000000000,B,,
1.442527000000000,W,,
1.442615000000000,6,,
1.442703000000000,R,,
1.442791000000000,/,,
1.442879000000000,d,,
1.442968000000000,d,,
1.443056000000000,b,,
1.443144000000000,d,,
1.443232000000000,7,,
1.443320000000000,X,,
1.443408000000000,O,,
1.443496000000000,q,,
1.443585000000000,e,,
1.443673000000000,x,,
1.443761000000000,O,,
1.443849000000000,M,,
1.443937000000000,B,,
1.444025000000000,V,,
1.444114000000000,6,,
1.444202000000000,C,,
1.444290000000000,L,,
1.444378000000000,d,,
1.444466000000000,d,,
1.444554000000000,/,,
1.444643000000000,X,,
1.444731000000000,W,,
1.444819000000000,a,,
1.444907000000000,M,,
1.444995000000000,F,,
1.445083000000000,q,,
1.445171000000000,7,,
1.445260000000000,+,,
1.445348000000000,h,,
1.445436000000000,V,,
1.445524000000000,c,,
1.445612000000000,Z,,
1.445700000000000,W,,
1.445789000000000,F,,
1.445877000000000,q,,
1.445965000000000,7,,
1.446053000000000,6,,
1.446141000000000,h,,
1.446229000000000,6,,
1.446317000000000,6,,
1.446406000000000,7,,
1.446494000000000,K,,
1.446582000000000,g,,
1.446670000000000,t,,
1.446758000000000,X,,
1.446846000000000,W,,
1.446935000000000,b,,
1.447023000000000,U,,
1.447111000000000,E,,
1.447199000000000,R,,
1.447287000000000,\r,,
1.447375000000000,\n,,
1.447464000000000,V,,
1.447552000000000,6,,
1.447640000000000,/,,
1.447728000000000,8,,
1.447816000000000,+,,
1.447904000000000,6,,
1.447992000000000,n,,
1.448081000000000,x,,
1.448169000000000,s,,
1.448257000000000,D,,
1.448345000000000,G,,
1.448433000000000,4,,
1.448521000000000,6,,
1.448610000000000,f,,
1.448698000000000,C,,
1.448786000000000,Q,,
1.448874000000000,e,,
1.448962000000000,s,,
1.449050000000000,n,,
1.449138000000000,P,,
1.449227000000000,1,,
1.449315000000000,X,,
1.449403000000000,P,,
1.449491000000000,n,,
1.449579000000000,P,,
1.449667000000000,S,,
1.449756000000000,4,,
1.449844000000000,c,,
1.449932000000000,6,,
1.450020000000000,k,,
1.450108000000000,C,,
1.450196000000000,3,,
1.450285000000000,X,,
1.450373000000000,R,,
1.450461000000000,1,,
1.450549000000000,d,,
1.450637000000000,0,,
1.450725000000000,T,,
1.450813000000000,r,,
1.450902000000000,j,,
1.450990000000000,4,,
1.451078000000000,K,,
1.451166000000000,E,,
1.451254000000000,g,,
1.451342000000000,2,,
1.451431000000000,1,,
1.451519000000000,V,,
1.451607000000000,x,,
1.451695000000000,b,,
1.451783000000000,b,,
1.451871000000000,a,,
1.451959000000000,p,,
1.452048000000000,o,,
1.452136000000000,V,,
1.452224000000000,f,,
1.452312000000000,H,,
1.452400000000000,p,,
1.452488000000000,e,,
1.452577000000000,n,,
1.452665000000000,x,,
1.452753000000000,k,,
1.452841000000000,z,,
1.452929000000000,9,,
1.453017000000000,I,,
1.453105000000000,J,,
1.453194000000000,l,,
1.453282000000000,N,,
1.453370000000000,Z,,
1.453458000000000,e,,
1.453546000000000,8,,
1.453634000000000,X,,
1.453723000000000,V,,
1.453811000000000,v,,
1.453899000000000,q,,
1.453987000000000,P,,
1.454075000000000,b,,
1.454163000000000,\r,,
1.454252000000000,\n,,
1.454340000000000,r,,
1.454428000000000,h,,
1.454516000000000,4,,
1.454604000000000,6,,
1.454692000000000,2,,
1.454780000000000,D,,
1.454869000000000,p,,
1.454957000000000,j,,
1.455045000000000,x,,
1.455133000000000,U,,
1.455221000000000,x,,
1.455309000000000,i,,
1.455398000000000,q,,
1.455486000000000,a,,
1.455574000000000,+,,
1.455662000000000,r,,
1.455750000000000,2,,
1.455838000000000,3,,
1.455926000000000,T,,
1.456015000000000,6,,
1.456103000000000,4,,
1.456191000000000,D,,
1.456279000000000,S,,
1.456367000000000,N,,
1.456455000000000,v,,
1.456544000000000,W,,
1.456632000000000,d,,
1.456720000000000,x,,
1.456808000000000,F,,
1.456896000000000,d,,
1.456984000000000,J,,
1.457073000000000,0,,
1.457161000000000,2,,
1.457249000000000,V,,
1.457337000000000,V,,
1.457425000000000,J,,
1.457513000000000,K,,
1.457601000000000,W,,
1.457690000000000,k,,
1.457778000000000,l,,
1.457866000000000,7,,
1.457954000000000,H,,
1.458042000000000,u,,
1.458130000000000,6,,
1.458219000000000,G,,
1.458307000000000,s,,
1.458395000000000,t,,
1.458483000000000,z,,
1.458571000000000,m,,
1.458659000000000,e,,
1.458747000000000,b,,
1.458836000000000,r,,
1.458924000000000,/,,
1.459012000000000,4,,
1.459100000000000,G,,
1.459188000000000,r,,
1.459276000000000,k,,
1.459365000000000,K,,
1.459453000000000,a,,
1.459541000000000,7,,
1.459629000000000,r,,
1.459717000000000,i,,
1.459805000000000,5,,
1.459894000000000,/,,
1.459982000000000,q,,
1.460070000000000,H,,
1.460158000000000,V,,
1.460246000000000,8,,
1.460334000000000,Z,,
1.460422000000000,O,,
1.460511000000000,3,,
1.460599000000000,s,,
1.460687000000000,f,,
1.460775000000000,/,,
1.460863000000000,1,,
1.460951000000000,c,,
1.461040000000000,\r,,
1.461128000000000,\n,,
1.461216000000000,l,,
1.461304000000000,T,,
1.461392000000000,c,,
1.461480000000000,p,,
1.461568000000000,T,,
1.461657000000000,j,,
1.461745000000000,A,,
1.461833000000000,G,,
1.461921000000000,A,,
1.462009000000000,A,,
1.462097000000000,v,,
1.462186000000000,d,,
1.462274000000000,d,,
1.462362000000000,X,,
1.462450000000000,V,,
1.462538000000000,j,,
1.462626000000000,l,,
1.462715000000000,L,,
1.462803000000000,K,,
1.462891000000000,y,,
1.462979000000000,Y,,
1.463067000000000,f,,
1.463155000000000,3,,
1.463243000000000,s,,
1.463332000000000,f,,
1.463420000000000,/,,
1.463508000000000,1,,
1.463596000000000,c,,
1.463684000000000,3,,
1.463772000000000,R,,
1.463861000000000,j,,
1.463949000000000,L,,
1.464037000000000,c,,
1.464125000000000,w,,
1.464213000000000,n,,
1.464301000000000,D,,
1.464389000000000,i,,
1.464478000000000,U,,
1.464566000000000,u,,
1.464654000000000,4,,
1.464742000000000,C,,
1.464830000000000,h,,
1.464918000000000,a,,
1.465007000000000,6,,
1.465095000000000,6,,
1.465183000000000,q,,
1.465271000000000,o,,
1.465359000000000,s,,
1.465447000000000,W,,
1.465536000000000,N,,
1.465624000000000,0,,
1.465712000000000,9,,
1.465800000000000,1,,
1.465888000000000,v,,
1.465976000000000,q,,
1.466064000000000,/,,
1.466153000000000,l,,
1.466241000000000,6,,
1.466329000000000,u,,
1.466417000000000,y,,
1.466505000000000,M,,
1.466593000000000,V,,
1.466682000000000,v,,
1.466770000000000,x,,
1.466858000000000,y,,
1.466946000000000,n,,
1.467034000000000,p,,
1.467122000000000,c,,
1.467210000000000,B,,
1.467299000000000,Q,,
1.467387000000000,v,,
1.467475000000000,d,,
1.467563000000000,d,,
1.467651000000000,F,,
1.467739000000000,X,,
1.467828000000000,2,,
1.467916000000000,\r,,
1.468004000000000,\n,,
1.468092000000000,W,,
1.468180000000000,C,,
1.468268000000000,+,,
1.468357000000000,5,,
1.468445000000000,P,,
1.468533000000000,n,,
1.468621000000000,r,,
1.468709000000000,B,,
1.468797000000000,x,,
1.468885000000000,9,,
1.468974000000000,W,,
1.469062000000000,v,,
1.469150000000000,7,,
1.469238000000000,U,,
1.469326000000000,0,,
1.469414000000000,Y,,
1.469503000000000,e,,
1.469591000000000,f,,
1.469679000000000,D,,
1.469767000000000,e,,
1.469855000000000,Y,,
1.469943000000000,N,,
1.470031000000000,+,,
1.470120000000000,K,,
1.470208000000000,G,,
1.470296000000000,e,,
1.470384000000000,6,,
1.470472000000000,S,,
1.470560000000000,F,,
1.470649000000000,/,,
1.470737000000000,5,,
1.470825000000000,z,,
1.470913000000000,R,,
1.471001000000000,Y,,
1.471089000000000,t,,
1.471178000000000,3,,
1.471266000000000,z,,
1.471354000000000,f,,
1.471442000000000,c,,
1.471530000000000,v,,
1.471618000000000,u,,
1.471706000000000,h,,
1.471795000000000,Z,,
1.471883000000000,X,,
1.471971000000000,+,,
1.472059000000000,4,,
1.472147000000000,w,,
1.472235000000000,u,,
1.472324000000000,u,,
1.472412000000000,t,,
1.472500000000000,q,,
1.472588000000000,8,,
1.472676000000000,J,,
1.472764000000000,T,,
1.472852000000000,q,,
1.472941000000000,6,,
1.473029000000000,V,,
1.473117000000000,P,,
1.473205000000000,Z,,
1.473293000000000,A,,
1.473381000000000,+,,
1.473470000000000,b,,
1.473558000000000,g,,
1.473646000000000,6,,
1.473734000000000,G,,
1.473822000000000,Q,,
1.473910000000000,U,,
1.473999000000000,O,,
1.474087000000000,R,,
1.474175000000000,v,,
1.474263000000000,5,,
1.474351000000000,r,,
1.474439000000000,x,,
1.474527000000000,Y,,
1.474616000000000,r,,
1.474704000000000,V,,
1.474792000000000,\r,,
1.474880000000000,\n,,
1.474968000000000,H,,
1.475056000000000,4,,
1.475145000000000,R,,
1.475233000000000,G,,
1.475321000000000,c,,
1.475409000000000,D,,
1.475497000000000,8,,
1.475585000000000,7,,
1.475673000000000,v,,
1.475762000000000,i,,
1.475850000000000,q,,
1.475938000000000,u,,
1.476026000000000,v,,
1.476114000000000,k,,
1.476202000000000,h,,
1.476291000000000,B,,
1.476379000000000,i,,
1.476467000000000,3,,
1.476555000000000,6,,
1.476643000000000,h,,
1.476731000000000,i,,
1.476820000000000,6,,
1.476908000000000,6,,
1.476996000000000,u,,
1.477084000000000,j,,
1.477172000000000,B,,
1.477260000000000,a,,
1.477348000000000,s,,
1.477437000000000,b,,
1.477525000000000,l,,
1.477613000000000,D,,
1.477701000000000,h,,
1.477789000000000,f,,
1.477877000000000,B,,
1.477966000000000,9,,
1.478054000000000,X,,
1.478142000000000,o,,
1.478230000000000,7,,
1.478318000000000,v,,
1.478406000000000,j,,
1.478494000000000,o,,
1.478583000000000,d,,
1.478671000000000,b,,
1.478759000000000,m,,
1.478847000000000,6,,
1.478935000000000,S,,
1.479023000000000,t,,
1.479112000000000,P,,
1.479200000000000,T,,
1.479288000000000,J,,
1.479376000000000,6,,
1.479464000000000,V,,
1.479552000000000,M,,
1.479640000000000,/,,
1.479729000000000,x,,
1.479817000000000,c,,
1.479905000000000,t,,
1.479993000000000,R,,
1.480081000000000,+,,
1.480169000000000,F,,
1.480258000000000,G,,
1.480346000000000,t,,
1.480434000000000,I,,
1.480522000000000,9,,
1.480610000000000,V,,
1.480698000000000,1,,
1.480787000000000,e,,
1.480875000000000,t,,
1.480963000000000,a,,
1.481051000000000,x,,
1.481139000000000,0,,
1.481227000000000,z,,
1.481315000000000,i,,
1.481404000000000,q,,
1.481492000000000,F,,
1.481580000000000,4,,
1.481668000000000,\r,,
1.481756000000000,\n,,
1.481844000000000,u,,
1.481933000000000,/,,
1.482021000000000,r,,
1.482109000000000,7,,
1.482197000000000,A,,
1.482285000000000,+,,
1.482373000000000,r,,
1.482461000000000,1,,
1.482550000000000,I,,
1.482638000000000,b,,
1.482726000000000,V,,
1.482814000000000,m,,
1.482902000000000,m,,
1.482990000000000,u,,
1.483079000000000,1,,
1.483167000000000,q,,
1.483255000000000,8,,
1.483343000000000,1,,
1.483431000000000,F,,
1.483519000000000,c,,
1.483608000000000,7,,
1.483696000000000,T,,
1.483784000000000,O,,
1.483872000000000,6,,
1.483960000000000,5,,
1.484048000000000,q,,
1.484136000000000,o,,
1.484225000000000,s,,
1.484313000000000,W,,
1.484401000000000,D,,
1.484489000000000,X,,
1.484577000000000,W,,
1.484665000000000,6,,
1.484754000000000,F,,
1.484842000000000,3,,
1.484930000000000,Q,,
1.485018000000000,v,,
1.485106000000000,q,,
1.485194000000000,5,,
1.485282000000000,+,,
1.485371000000000,z,,
1.485459000000000,b,,
1.485547000000000,o,,
1.485635000000000,G,,
1.485723000000000,m,,
1.485811000000000,+,,
1.485900000000000,2,,
1.485988000000000,q,,
1.486076000000000,N,,
1.486164000000000,N,,
1.486252000000000,7,,
1.486340000000000,Y,,
1.486429000000000,5,,
1.486517000000000,3,,
1.486605000000000,H,,
1.486693000000000,h,,
1.486781000000000,U,,
1.486869000000000,A,,
1.486957000000000,e,,
1.487046000000000,6,,
1.487134000000000,5,,
1.487222000000000,q,,
1.487310000000000,r,,
1.487398000000000,s,,
1.487486000000000,s,,
1.487575000000000,V,,
1.487663000000000,6,,
1.487751000000000,t,,
1.487839000000000,F,,
1.487927000000000,/,,
1.488015000000000,R,,
1.488103000000000,9,,
1.488192000000000,X,,
1.488280000000000,d,,
1.488368000000000,1,,
1.488456000000000,8,,
1.488544000000000,\r,,
1.488632000000000,\n,,
1.488721000000000,x,,
1.488809000000000,t,,
1.488897000000000,p,,
1.488985000000000,b,,
1.489073000000000,j,,
1.489161000000000,q,,
1.489250000000000,t,,
1.489338000000000,y,,
1.489426000000000,M,,
1.489514000000000,W,,
1.489602000000000,w,,
1.489690000000000,O,,
1.489778000000000,7,,
1.489867000000000,B,,
1.489955000000000,e,,
1.490043000000000,6,,
1.490131000000000,5,,
1.490219000000000,e,,
1.490307000000000,q,,
1.490396000000000,Z,,
1.490484000000000,z,,
1.490572000000000,d,,
1.490660000000000,E,,
1.490748000000000,I,,
1.490836000000000,4,,
1.490924000000000,G,,
1.491013000000000,b,,
1.491101000000000,j,,
1.491189000000000,R,,
1.491277000000000,U,,
1.491365000000000,9,,
1.491453000000000,X,,
1.491542000000000,T,,
1.491630000000000,9,,
1.491718000000000,h,,
1.491806000000000,7,,
1.491894000000000,y,,
1.491982000000000,3,,
1.492071000000000,G,,
1.492159000000000,V,,
1.492247000000000,z,,
1.492335000000000,Y,,
1.492423000000000,H,,
1.492511000000000,9,,
1.492599000000000,R,,
1.492688000000000,p,,
1.492776000000000,d,,
1.492864000000000,c,,
1.492952000000000,H,,
1.493040000000000,Y,,
1.493128000000000,0,,
1.493217000000000,i,,
1.493305000000000,T,,
1.493393000000000,4,,
1.493481000000000,3,,
1.493569000000000,F,,
1.493657000000000,5,,
1.493745000000000,q,,
1.493834000000000,t,,
1.493922000000000,+,,
1.494010000000000,r,,
1.494098000000000,k,,
1.494186000000000,5,,
1.494274000000000,c,,
1.494363000000000,s,,
1.494451000000000,v,,
1.494539000000000,e,,
1.494627000000000,W,,
1.494715000000000,4,,
1.494803000000000,+,,
1.494892000000000,q,,
1.494980000000000,T,,
1.495068000000000,r,,
1.495156000000000,7,,
1.495244000000000,c,,
1.495332000000000,O,,
1.495420000000000,\r,,
1.495509000000000,\n,,
1.495597000000000,P,,
1.495685000000000,0,,
1.495773000000000,r,,
1.495861000000000,l,,
1.495949000000000,l,,
1.496038000000000,T,,
1.496126000000000,6,,
1.496214000000000,h,,
1.496302000000000,S,,
1.496390000000000,6,,
1.496478000000000,5,,
1.496566000000000,G,,
1.496655000000000,R,,
1.496743000000000,Y,,
1.496831000000000,H,,
1.496919000000000,D,,
1.497007000000000,h,,
1.497095000000000,2,,
1.497184000000000,L,,
1.497272000000000,1,,
1.497360000000000,e,,
1.497448000000000,/,,
1.497536000000000,1,,
1.497624000000000,c,,
1.497713000000000,3,,
1.497801000000000,b,,
1.497889000000000,T,,
1.497977000000000,e,,
1.498065000000000,3,,
1.498153000000000,l,,
1.498241000000000,u,,
1.498330000000000,O,,
1.498418000000000,q,,
1.498506000000000,y,,
1.498594000000000,+,,
1.498682000000000,9,,
1.498770000000000,3,,
1.498859000000000,D,,
1.498947000000000,r,,
1.499035000000000,8,,
1.499123000000000,3,,
1.499211000000000,L,,
1.499299000000000,c,,
1.499387000000000,9,,
1.499476000000000,r,,
1.499564000000000,h,,
1.499652000000000,x,,
1.499740000000000,q,,
1.499828000000000,Q,,
1.499916000000000,H,,
1.500005000000000,d,,
1.500093000000000,c,,
1.500181000000000,l,,
1.500269000000000,b,,
1.500357000000000,W,,
1.500445000000000,n,,
1.500534000000000,m,,
1.500622000000000,a,,
1.500710000000000,R,,
1.500798000000000,V,,
1.500886000000000,A,,
1.500974000000000,z,,
1.501062000000000,9,,
1.501151000000000,X,,
1.501239000000000,3,,
1.501327000000000,3,,
1.501415000000000,b,,
1.501503000000000,0,,
1.501591000000000,l,,
1.501680000000000,u,,
1.501768000000000,P,,
1.501856000000000,q,,
1.501944000000000,0,,
1.502032000000000,e,,
1.502120000000000,O,,
1.502208000000000,t,,
1.502297000000000,\r,,
1.502385000000000,\n,,
1.502473000000000,w,,
1.502561000000000,6,,
1.502649000000000,8,,
1.502737000000000,/,,
1.502826000000000,6,,
1.502914000000000,X,,
1.503002000000000,H,,
1.503090000000000,l,,
1.503178000000000,U,,
1.503266000000000,A,,
1.503354000000000,O,,
1.503443000000000,6,,
1.503531000000000,4,,
1.503619000000000,q,,
1.503707000000000,o,,
1.503795000000000,s,,
1.503883000000000,W,,
1.503972000000000,M,,
1.504060000000000,0,,
1.504148000000000,m,,
1.504236000000000,r,,
1.504324000000000,R,,
1.504412000000000,p,,
1.504501000000000,4,,
1.504589000000000,u,,
1.504677000000000,e,,
1.504765000000000,p,,
1.504853000000000,0,,
1.504941000000000,L,,
1.505029000000000,c,,
1.505118000000000,f,,
1.505206000000000,V,,
1.505294000000000,4,,
1.505382000000000,H,,
1.505470000000000,J,,
1.505558000000000,0,,
1.505647000000000,f,,
1.505735000000000,C,,
1.505823000000000,9,,
1.505911000000000,1,,
1.505999000000000,L,,
1.506087000000000,f,,
1.506175000000000,u,,
1.506264000000000,D,,
1.506352000000000,b,,
1.506440000000000,r,,
1.506528000000000,i,,
1.506616000000000,q,,
1.506704000000000,i,,
1.506793000000000,g,,
1.506881000000000,K,,
1.506969000000000,v,,
1.507057000000000,S,,
1.507145000000000,F,,
1.507233000000000,j,,
1.507322000000000,j,,
1.507410000000000,5,,
1.507498000000000,e,,
1.507586000000000,r,,
1.507674000000000,E,,
1.507762000000000,K,,
1.507850000000000,k,,
1.507939000000000,d,,
1.508027000000000,v,,
1.508115000000000,e,,
1.508203000000000,a,,
1.508291000000000,5,,
1.508379000000000,e,,
1.508468000000000,m,,
1.508556000000000,m,,
1.508644000000000,g,,
1.508732000000000,d,,
1.508820000000000,j,,
1.508908000000000,5,,
1.508996000000000,K,,
1.509085000000000,6,,
1.509173000000000,\r,,
1.509261000000000,\n,,
1.509349000000000,o,,
1.509437000000000,O,,
1.509525000000000,5,,
1.509614000000000,0,,
1.509702000000000,w,,
1.509790000000000,9,,
1.509878000000000,V,,
1.509966000000000,5,,
1.510054000000000,U,,
1.510143000000000,V,,
1.510231000000000,m,,
1.510319000000000,J,,
1.510407000000000,V,,
1.510495000000000,J,,
1.510583000000000,V,,
1.510671000000000,p,,
1.510760000000000,L,,
1.510848000000000,1,,
1.510936000000000,f,,
1.511024000000000,f,,
1.511112000000000,e,,
1.511200000000000,t,,
1.511289000000000,P,,
1.511377000000000,R,,
1.511465000000000,W,,
1.511553000000000,5,,
1.511641000000000,6,,
1.511729000000000,r,,
1.511817000000000,z,,
1.511906000000000,a,,
1.511994000000000,X,,
1.512082000000000,R,,
1.512170000000000,C,,
1.512258000000000,c,,
1.512346000000000,N,,
1.512435000000000,f,,
1.512523000000000,e,,
1.512611000000000,F,,
1.512699000000000,w,,
1.512787000000000,7,,
1.512875000000000,V,,
1.512964000000000,J,,
1.513052000000000,4,,
1.513140000000000,u,,
1.513228000000000,u,,
1.513316000000000,C,,
1.513404000000000,p,,
1.513492000000000,F,,
1.513581000000000,g,,
1.513669000000000,d,,
1.513757000000000,P,,
1.513845000000000,3,,
1.513933000000000,N,,
1.514021000000000,y,,
1.514110000000000,9,,
1.514198000000000,X,,
1.514286000000000,n,,
1.514374000000000,c,,
1.514462000000000,U,,
1.514550000000000,o,,
1.514638000000000,8,,
1.514727000000000,l,,
1.514815000000000,z,,
1.514903000000000,V,,
1.514991000000000,1,,
1.515079000000000,Y,,
1.515167000000000,g,,
1.515256000000000,n,,
1.515344000000000,b,,
1.515432000000000,x,,
1.515520000000000,r,,
1.515608000000000,w,,
1.515696000000000,u,,
1.515785000000000,H,,
1.515873000000000,q,,
1.515961000000000,o,,
1.516049000000000,\r,,
1.516137000000000,\n,,
1.516225000000000,O,,
1.516313000000000,J,,
1.516402000000000,2,,
1.516490000000000,7,,
1.516578000000000,q,,
1.516666000000000,o,,
1.516754000000000,o,,
1.516842000000000,C,,
1.516931000000000,b,,
1.517019000000000,0,,
1.517107000000000,j,,
1.517195000000000,N,,
1.517283000000000,5,,
1.517371000000000,7,,
1.517459000000000,1,,
1.517548000000000,c,,
1.517636000000000,d,,
1.517724000000000,X,,
1.517812000000000,a,,
1.517900000000000,c,,
1.517988000000000,6,,
1.518077000000000,6,,
1.518165000000000,r,,
1.518253000000000,K,,
1.518341000000000,Q,,
1.518429000000000,Q,,
1.518517000000000,z,,
1.518606000000000,D,,
1.518694000000000,w,,
1.518782000000000,V,,
1.518870000000000,9,,
1.518958000000000,/,,
1.519046000000000,T,,
1.519134000000000,v,,
1.519223000000000,2,,
1.519311000000000,V,,
1.519399000000000,u,,
1.519487000000000,t,,
1.519575000000000,O,,
1.519663000000000,5,,
1.519752000000000,q,,
1.519840000000000,7,,
1.519928000000000,J,,
1.520016000000000,g,,
1.520104000000000,J,,
1.520192000000000,U,,
1.520280000000000,m,,
1.520369000000000,r,,
1.520457000000000,B,,
1.520545000000000,l,,
1.520633000000000,6,,
1.520721000000000,u,,
1.520809000000000,7,,
1.520898000000000,n,,
1.520986000000000,T,,
1.521074000000000,1,,
1.521162000000000,l,,
1.521250000000000,u,,
1.521338000000000,9,,
1.521427000000000,q,,
1.521515000000000,8,,
1.521603000000000,J,,
1.521691000000000,3,,
1.521779000000000,d,,
1.521867000000000,o,,
1.521955000000000,Y,,
1.522044000000000,b,,
1.522132000000000,K,,
1.522220000000000,V,,
1.522308000000000,j,,
1.522396000000000,W,,
1.522484000000000,n,,
1.522573000000000,P,,
1.522661000000000,V,,
1.522749000000000,c,,
1.522837000000000,f,,
1.522925000000000,\r,,
1.523013000000000,\n,,
1.523101000000000,0,,
1.523190000000000,K,,
1.523278000000000,/,,
1.523366000000000,J,,
1.523454000000000,Z,,
1.523542000000000,q,,
1.523630000000000,m,,
1.523719000000000,R,,
1.523807000000000,l,,
1.523895000000000,e,,
1.523983000000000,n,,
1.524071000000000,z,,
1.524159000000000,v,,
1.524248000000000,V,,
1.524336000000000,x,,
1.524424000000000,1,,
1.524512000000000,r,,
1.524600000000000,j,,
1.524688000000000,t,,
1.524776000000000,5,,
1.524865000000000,u,,
1.524953000000000,B,,
1.525041000000000,p,,
1.525129000000000,8,,
1.525217000000000,0,,
1.525305000000000,y,,
1.525394000000000,h,,
1.525482000000000,I,,
1.525570000000000,i,,
1.525658000000000,K,,
1.525746000000000,s,,
1.525834000000000,1,,
1.525922000000000,5,,
1.526011000000000,2,,
1.526099000000000,K,,
1.526187000000000,R,,
1.526275000000000,3,,
1.526363000000000,7,,
1.526451000000000,R,,
1.526540000000000,y,,
1.526628000000000,V,,
1.526716000000000,f,,
1.526804000000000,u,,
1.526892000000000,l,,
1.526980000000000,i,,
1.527069000000000,g,,
1.527157000000000,I,,
1.527245000000000,v,,
1.527333000000000,t,,
1.527421000000000,S,,
1.527509000000000,w,,
1.527597000000000,f,,
1.527686000000000,9,,
1.527774000000000,d,,
1.527862000000000,7,,
1.527950000000000,V,,
1.528038000000000,4,,
1.528126000000000,K,,
1.528215000000000,m,,
1.528303000000000,T,,
1.528391000000000,j,,
1.528479000000000,S,,
1.528567000000000,K,,
1.528655000000000,f,,
1.528743000000000,A,,
1.528832000000000,C,,
1.528920000000000,r,,
1.529008000000000,M,,
1.529096000000000,w,,
1.529184000000000,i,,
1.529272000000000,K,,
1.529361000000000,/,,
1.529449000000000,6,,
1.529537000000000,d,,
1.529625000000000,N,,
1.529713000000000,p,,
1.529801000000000,\r,,
1.529889000000000,\n,,
1.529978000000000,V,,
1.530066000000000,6,,
1.530154000000000,U,,
1.530242000000000,o,,
1.530330000000000,8,,
1.530418000000000,A,,
1.530507000000000,1,,
1.530595000000000,D,,
1.530683000000000,l,,
1.530771000000000,v,,
1.530859000000000,O,,
1.530947000000000,v,,
1.531036000000000,g,,
1.531124000000000,q,,
1.531212000000000,u,,
1.531300000000000,t,,
1.531388000000000,x,,
1.531476000000000,w,,
1.531564000000000,r,,
1.531653000000000,h,,
1.531741000000000,a,,
1.531829000000000,j,,
1.531917000000000,+,,
1.532005000000000,g,,
1.532093000000000,X,,
1.532182000000000,F,,
1.532270000000000,3,,
1.532358000000000,9,,
1.532446000000000,u,,
1.532534000000000,/,,
1.532622000000000,y,,
1.532710000000000,T,,
1.532799000000000,x,,
1.532887000000000,T,,
1.532975000000000,3,,
1.533063000000000,t,,
1.533151000000000,l,,
1.533239000000000,x,,
1.533328000000000,Q,,
1.533416000000000,F,,
1.533504000000000,3,,
1.533592000000000,j,,
1.533680000000000,0,,
1.533768000000000,v,,
1.533857000000000,6,,
1.533945000000000,/,,
1.534033000000000,x,,
1.534121000000000,e,,
1.534209000000000,u,,
1.534297000000000,j,,
1.534385000000000,r,,
1.534474000000000,w,,
1.534562000000000,9,,
1.534650000000000,I,,
1.534738000000000,e,,
1.534826000000000,4,,
1.534914000000000,2,,
1.535003000000000,h,,
1.535091000000000,9,,
1.535179000000000,I,,
1.535267000000000,B,,
1.535355000000000,o,,
1.535443000000000,h,,
1.535531000000000,P,,
1.535620000000000,H,,
1.535708000000000,Z,,
1.535796000000000,/,,
1.535884000000000,1,,
1.535972000000000,m,,
1.536060000000000,8,,
1.536149000000000,R,,
1.536237000000000,V,,
1.536325000000000,l,,
1.536413000000000,Y,,
1.536501000000000,f,,
1.536589000000000,n,,
1.536678000000000,\r,,
1.536766000000000,\n,,
1.536854000000000,2,,
1.536942000000000,M,,
1.537030000000000,X,,
1.537118000000000,n,,
1.537206000000000,w,,
1.537295000000000,t,,
1.537383000000000,C,,
1.537471000000000,u,,
1.537559000000000,S,,
1.537647000000000,6,,
1.537735000000000,6,,
1.537824000000000,e,,
1.537912000000000,u,,
1.538000000000000,U,,
1.538088000000000,0,,
1.538176000000000,1,,
1.538264000000000,j,,
1.538352000000000,q,,
1.538441000000000,s,,
1.538529000000000,1,,
1.538617000000000,R,,
1.538705000000000,8,,
1.538793000000000,p,,
1.538881000000000,D,,
1.538970000000000,+,,
1.539058000000000,9,,
1.539146000000000,Q,,
1.539234000000000,w,,
1.539322000000000,k,,
1.539410000000000,2,,
1.539499000000000,0,,
1.539587000000000,j,,
1.539675000000000,Y,,
1.539763000000000,b,,
1.539851000000000,h,,
1.539939000000000,Q,,
1.540027000000000,X,,
1.540116000000000,p,,
1.540204000000000,p,,
1.540292000000000,r,,
1.540380000000000,V,,
1.540468000000000,8,,
1.540556000000000,1,,
1.540645000000000,A,,
1.540733000000000,A,,
1.540821000000000,K,,
1.540909000000000,7,,
1.540997000000000,W,,
1.541085000000000,n,,
1.541173000000000,P,,
1.541262000000000,f,,
1.541350000000000,e,,
1.541438000000000,j,,
1.541526000000000,3,,
1.541614000000000,7,,
1.541702000000000,T,,
1.541791000000000,H,,
1.541879000000000,v,,
1.541967000000000,t,,
1.542055000000000,B,,
1.542143000000000,x,,
1.542231000000000,z,,
1.542320000000000,a,,
1.542408000000000,n,,
1.542496000000000,7,,
1.542584000000000,J,,
1.542672000000000,l,,
1.542760000000000,j,,
1.542848000000000,V,,
1.542937000000000,8,,
1.543025000000000,2,,
1.543113000000000,H,,
1.543201000000000,a,,
1.543289000000000,O,,
1.543377000000000,F,,
1.543466000000000,q,,
1.543554000000000,\r,,
1.543642000000000,\n,,
1.543730000000000,3,,
1.543818000000000,b,,
1.543906000000000,H,,
1.543994000000000,4,,
1.544083000000000,5,,
1.544171000000000,2,,
1.544259000000000,T,,
1.544347000000000,L,,
1.544435000000000,i,,
1.544523000000000,9,,
1.544612000000000,G,,
1.544700000000000,5,,
1.544788000000000,7,,
1.544876000000000,7,,
1.544964000000000,8,,
1.545052000000000,n,,
1.545141000000000,L,,
1.545229000000000,8,,
1.545317000000000,2,,
1.545405000000000,t,,
1.545493000000000,q,,
1.545581000000000,8,,
1.545669000000000,Z,,
1.545758000000000,a,,
1.545846000000000,w,,
1.545934000000000,D,,
1.546022000000000,N,,
1.546110000000000,T,,
1.546198000000000,r,,
1.546287000000000,A,,
1.546375000000000,X,,
1.546463000000000,U,,
1.546551000000000,n,,
1.546639000000000,d,,
1.546727000000000,/,,
1.546815000000000,J,,
1.546904000000000,c,,
1.546992000000000,9,,
1.547080000000000,P,,
1.547168000000000,1,,
1.547256000000000,9,,
1.547344000000000,7,,
1.547433000000000,q,,
1.547521000000000,T,,
1.547609000000000,f,,
1.547697000000000,R,,
1.547785000000000,I,,
1.547873000000000,e,,
1.547962000000000,0,,
1.548050000000000,u,,
1.548138000000000,O,,
1.548226000000000,F,,
1.548314000000000,O,,
1.548402000000000,X,,
1.548490000000000,V,,
1.548579000000000,V,,
1.548667000000000,r,,
1.548755000000000,7,,
1.548843000000000,H,,
1.548931000000000,+,,
1.549019000000000,l,,
1.549108000000000,F,,
1.549196000000000,S,,
1.549284000000000,r,,
1.549372000000000,f,,
1.549460000000000,u,,
1.549548000000000,A,,
1.549636000000000,N,,
1.549725000000000,8,,
1.549813000000000,e,,
1.549901000000000,i,,
1.549989000000000,B,,
1.550077000000000,3,,
1.550165000000000,F,,
1.550254000000000,M,,
1.550342000000000,f,,
1.550430000000000,\r,,
1.550518000000000,\n,,
1.550606000000000,k,,
1.550694000000000,F,,
1.550783000000000,P,,
1.550871000000000,1,,
1.550959000000000,E,,
1.551047000000000,v,,
1.551135000000000,6,,
1.551223000000000,c,,
1.551311000000000,u,,
1.551400000000000,i,,
1.551488000000000,q,,
1.551576000000000,d,,
1.551664000000000,k,,
1.551752000000000,7,,
1.551840000000000,v,,
1.551929000000000,S,,
1.552017000000000,J,,
1.552105000000000,0,,
1.552193000000000,g,,
1.552281000000000,W,,
1.552369000000000,a,,
1.552457000000000,P,,
1.552546000000000,4,,
1.552634000000000,D,,
1.552722000000000,T,,
1.552810000000000,S,,
1.552898000000000,S,,
1.552986000000000,5,,
1.553075000000000,O,,
1.553163000000000,Q,,
1.553251000000000,x,,
1.553339000000000,P,,
1.553427000000000,q,,
1.553515000000000,9,,
1.553603000000000,f,,
1.553692000000000,m,,
1.553780000000000,0,,
1.553868000000000,t,,
1.553956000000000,W,,
1.554044000000000,x,,
1.554132000000000,a,,
1.554221000000000,J,,
1.554309000000000,M,,
1.554397000000000,3,,
1.554485000000000,O,,
1.554573000000000,Y,,
1.554661000000000,H,,
1.554750000000000,9,,
1.554838000000000,g,,
1.554926000000000,g,,
1.555014000000000,p,,
1.555102000000000,a,,
1.555190000000000,6,,
1.555278000000000,U,,
1.555367000000000,G,,
1.555455000000000,o,,
1.555543000000000,A,,
1.555631000000000,z,,
1.555719000000000,U,,
1.555807000000000,N,,
1.555896000000000,C,,
1.555984000000000,/,,
1.556072000000000,e,,
1.556160000000000,o,,
1.556248000000000,1,,
1.556336000000000,x,,
1.556424000000000,Y,,
1.556513000000000,f,,
1.556601000000000,y,,
1.556689000000000,2,,
1.556777000000000,I,,
1.556865000000000,y,,
1.556953000000000,O,,
1.557042000000000,n,,
1.557130000000000,9,,
1.557218000000000,k,,
1.557306000000000,\r,,
1.557394000000000,\n,,
1.557482000000000,I,,
1.557571000000000,n,,
1.557659000000000,r,,
1.557747000000000,h,,
1.557835000000000,F,,
1.557923000000000,7,,
1.558011000000000,9,,
1.558099000000000,U,,
1.558188000000000,7,,
1.558276000000000,+,,
1.558364000000000,z,,
1.558452000000000,c,,
1.558540000000000,1,,
1.558628000000000,X,,
1.558717000000000,u,,
1.558805000000000,i,,
1.558893000000000,I,,
1.558981000000000,Q,,
1.559069000000000,m,,
1.559157000000000,5,,
1.559245000000000,1,,
1.559334000000000,v,,
1.559422000000000,2,,
1.559510000000000,C,,
1.559598000000000,b,,
1.559686000000000,F,,
1.559774000000000,t,,
1.559863000000000,y,,
1.559951000000000,b,,
1.560039000000000,i,,
1.560127000000000,d,,
1.560215000000000,V,,
1.560303000000000,n,,
1.560392000000000,J,,
1.560480000000000,A,,
1.560568000000000,T,,
1.560656000000000,v,,
1.560744000000000,c,,
1.560832000000000,v,,
1.560920000000000,y,,
1.561009000000000,9,,
1.561097000000000,H,,
1.561185000000000,Q,,
1.561273000000000,t,,
1.561361000000000,Y,,
1.561449000000000,P,,
1.561538000000000,0,,
1.561626000000000,r,,
1.561714000000000,r,,
1.561802000000000,c,,
1.561890000000000,P,,
1.561978000000000,s,,
1.562066000000000,Y,,
1.562155000000000,e,,
1.562243000000000,k,,
1.562331000000000,b,,
1.562419000000000,d,,
1.562507000000000,I,,
1.562595000000000,D,,
1.562684000000000,f,,
1.562772000000000,k,,
1.562860000000000,i,,
1.562948000000000,h,,
1.563036000000000,l,,
1.563124000000000,M,,
1.563213000000000,v,,
1.563301000000000,R,,
1.563389000000000,s,,
1.563477000000000,m,,
1.563565000000000,K,,
1.563653000000000,G,,
1.563741000000000,e,,
1.563830000000000,l,,
1.563918000000000,Z,,
1.564006000000000,6,,
1.564094000000000,6,,
1.564182000000000,\r,,
1.564270000000000,\n,,
1.564359000000000,K,,
1.564447000000000,h,,
1.564535000000000,E,,
1.564623000000000,M,,
1.564711000000000,9,,
1.564799000000000,g,,
1.564887000000000,b,,
1.564976000000000,2,,
1.565064000000000,D,,
1.565152000000000,3,,
1.565240000000000,v,,
1.565328000000000,U,,
1.565416000000000,a,,
1.565505000000000,P,,
1.565593000000000,K,,
1.565681000000000,W,,
1.565769000000000,z,,
1.565857000000000,N,,
1.565945000000000,3,,
1.566034000000000,L,,
1.566122000000000,+,,
1.566210000000000,n,,
1.566298000000000,H,,
1.566386000000000,A,,
1.566474000000000,Z,,
1.566562000000000,7,,
1.566651000000000,N,,
1.566739000000000,O,,
1.566827000000000,M,,
1.566915000000000,+,,
1.567003000000000,m,,
1.567091000000000,p,,
1.567180000000000,q,,
1.567268000000000,+,,
1.567356000000000,y,,
1.567444000000000,5,,
1.567532000000000,7,,
1.567620000000000,j,,
1.567708000000000,9,,
1.567797000000000,k,,
1.567885000000000,2,,
1.567973000000000,5,,
1.568061000000000,J,,
1.568149000000000,r,,
1.568237000000000,U,,
1.568326000000000,T,,
1.568414000000000,9,,
1.568502000000000,C,,
1.568590000000000,F,,
1.568678000000000,0,,
1.568766000000000,o,,
1.568855000000000,f,,
1.568943000000000,n,,
1.569031000000000,v,,
1.569119000000000,J,,
1.569207000000000,t,,
1.569295000000000,u,,
1.569383000000000,q,,
1.569472000000000,e,,
1.569560000000000,u,,
1.569648000000000,7,,
1.569736000000000,s,,
1.569824000000000,l,,
1.569912000000000,7,,
1.570001000000000,P,,
1.570089000000000,9,,
1.570177000000000,S,,
1.570265000000000,O,,
1.570353000000000,5,,
1.570441000000000,g,,
1.570529000000000,v,,
1.570618000000000,q,,
1.570706000000000,x,,
1.570794000000000,r,,
1.570882000000000,r,,
1.570970000000000,r,,
1.571058000000000,\r,,
1.571147000000000,\n,,
1.571235000000000,v,,
1.571323000000000,5,,
1.571411000000000,1,,
1.571499000000000,n,,
1.571587000000000,D,,
1.571676000000000,a,,
1.571764000000000,k,,
1.571852000000000,4,,
1.571940000000000,b,,
1.572028000000000,P,,
1.572116000000000,i,,
1.572204000000000,K,,
1.572293000000000,Y,,
1.572381000000000,z,,
1.572469000000000,9,,
1.572557000000000,/,,
1.572645000000000,m,,
1.572733000000000,s,,
1.572822000000000,5,,
1.572910000000000,c,,
1.572998000000000,l,,
1.573086000000000,R,,
1.573174000000000,u,,
1.573262000000000,n,,
1.573350000000000,w,,
1.573439000000000,1,,
1.573527000000000,W,,
1.573615000000000,J,,
1.573703000000000,o,,
1.573791000000000,O,,
1.573879000000000,X,,
1.573968000000000,H,,
1.574056000000000,h,,
1.574144000000000,a,,
1.574232000000000,E,,
1.574320000000000,2,,
1.574408000000000,T,,
1.574497000000000,O,,
1.574585000000000,n,,
1.574673000000000,C,,
1.574761000000000,0,,
1.574849000000000,s,,
1.574937000000000,M,,
1.575025000000000,/,,
1.575114000000000,c,,
1.575202000000000,n,,
1.575290000000000,y,,
1.575378000000000,h,,
1.575466000000000,n,,
1.575554000000000,n,,
1.575643000000000,l,,
1.575731000000000,O,,
1.575819000000000,n,,
1.575907000000000,a,,
1.575995000000000,M,,
1.576083000000000,q,,
1.576171000000000,A,,
1.576260000000000,e,,
1.576348000000000,f,,
1.576436000000000,T,,
1.576524000000000,m,,
1.576612000000000,a,,
1.576700000000000,u,,
1.576789000000000,S,,
1.576877000000000,q,,
1.576965000000000,u,,
1.577053000000000,C,,
1.577141000000000,Y,,
1.577229000000000,P,,
1.577317000000000,E,,
1.577406000000000,W,,
1.577494000000000,N,,
1.577582000000000,H,,
1.577670000000000,z,,
1.577758000000000,z,,
1.577846000000000,i,,
1.577935000000000,\r,,
1.578023000000000,\n,,
1.578111000000000,f,,
1.578199000000000,T,,
1.578287000000000,l,,
1.578375000000000,Q,,
1.578464000000000,e,,
1.578552000000000,e,,
1.578640000000000,S,,
1.578728000000000,h,,
1.578816000000000,l,,
1.578904000000000,D,,
1.578992000000000,O,,
1.579081000000000,M,,
1.579169000000000,v,,
1.579257000000000,2,,
1.579345000000000,r,,
1.579433000000000,L,,
1.579521000000000,Q,,
1.579610000000000,x,,
1.579698000000000,3,,
1.579786000000000,d,,
1.579874000000000,8,,
1.579962000000000,7,,
1.580050000000000,E,,
1.580138000000000,+,,
1.580227000000000,J,,
1.580315000000000,b,,
1.580403000000000,2,,
1.580491000000000,t,,
1.580579000000000,y,,
1.580667000000000,k,,
1.580756000000000,l,,
1.580844000000000,3,,
1.580932000000000,X,,
1.581020000000000,D,,
1.581108000000000,V,,
1.581196000000000,C,,
1.581285000000000,Z,,
1.581373000000000,J,,
1.581461000000000,b,,
1.581549000000000,G,,
1.581637000000000,q,,
1.581725000000000,W,,
1.581813000000000,n,,
1.581902000000000,Z,,
1.581990000000000,V,,
1.582078000000000,0,,
1.582166000000000,j,,
1.582254000000000,l,,
1.582342000000000,1,,
1.582431000000000,F,,
1.582519000000000,k,,
1.582607000000000,m,,
1.582695000000000,n,,
1.582783000000000,7,,
1.582871000000000,i,,
1.582959000000000,S,,
1.583048000000000,O,,
1.583136000000000,D,,
1.583224000000000,y,,
1.583312000000000,2,,
1.583400000000000,Z,,
1.583488000000000,t,,
1.583577000000000,A,,
1.583665000000000,4,,
1.583753000000000,v,,
1.583841000000000,m,,
1.583929000000000,6,,
1.584017000000000,V,,
1.584106000000000,f,,
1.584194000000000,8,,
1.584282000000000,O,,
1.584370000000000,d,,
1.584458000000000,u,,
1.584546000000000,a,,
1.584634000000000,r,,
1.584723000000000,i,,
1.584811000000000,\r,,
1.584899000000000,\n,,
1.584987000000000,u,,
1.585075000000000,d,,
1.585163000000000,Y,,
1.585252000000000,8,,
1.585340000000000,b,,
1.585428000000000,l,,
1.585516000000000,k,,
1.585604000000000,c,,
1.585692000000000,x,,
1.585780000000000,t,,
1.585869000000000,X,,
1.585957000000000,+,,
1.586045000000000,Y,,
1.586133000000000,p,,
1.586221000000000,6,,
1.586309000000000,5,,
1.586398000000000,x,,
1.586486000000000,S,,
1.586574000000000,4,,
1.586662000000000,M,,
1.586750000000000,f,,
1.586838000000000,3,,
1.586927000000000,P,,
1.587015000000000,N,,
1.587103000000000,T,,
1.587191000000000,5,,
1.587279000000000,b,,
1.587367000000000,N,,
1.587455000000000,2,,
1.587544000000000,j,,
1.587632000000000,U,,
1.587720000000000,6,,
1.587808000000000,N,,
1.587896000000000,r,,
1.587984000000000,X,,
1.588073000000000,n,,
1.588161000000000,f,,
1.588249000000000,/,,
1.588337000000000,4,,
1.588425000000000,3,,
1.588513000000000,d,,
1.588601000000000,s,,
1.588690000000000,y,,
1.588778000000000,o,,
1.588866000000000,B,,
1.588954000000000,J,,
1.589042000000000,x,,
1.589130000000000,P,,
1.589219000000000,Z,,
1.589307000000000,6,,
1.589395000000000,7,,
1.589483000000000,q,,
1.589571000000000,K,,
1.589659000000000,k,,
1.589748000000000,K,,
1.589836000000000,r,,
1.589924000000000,Z,,
1.590012000000000,6,,
1.590100000000000,q,,
1.590188000000000,z,,
1.590276000000000,H,,
1.590365000000000,f,,
1.590453000000000,2,,
1.590541000000000,/,,
1.590629000000000,T,,
1.590717000000000,8,,
1.590805000000000,y,,
1.590894000000000,j,,
1.590982000000000,k,,
1.591070000000000,q,,
1.591158000000000,C,,
1.591246000000000,Y,,
1.591334000000000,u,,
1.591422000000000,4,,
1.591511000000000,Q,,
1.591599000000000,B,,
1.591687000000000,\r,,
1.591775000000000,\n,,
1.591863000000000,t,,
1.591951000000000,a,,
1.592040000000000,J,,
1.592128000000000,5,,
1.592216000000000,a,,
1.592304000000000,C,,
1.592392000000000,T,,
1.592480000000000,0,,
1.592569000000000,o,,
1.592657000000000,9,,
1.592745000000000,h,,
1.592833000000000,6,,
1.592921000000000,Z,,
1.593009000000000,m,,
1.593097000000000,e,,
1.593186000000000,u,,
1.593274000000000,6,,
1.593362000000000,n,,
1.593450000000000,T,,
1.593538000000000,Z,,
1.593626000000000,M,,
1.593715000000000,P,,
1.593803000000000,z,,
1.593891000000000,g,,
1.593979000000000,2,,
1.594067000000000,G,,
1.594155000000000,A,,
1.594243000000000,j,,
1.594332000000000,v,,
1.594420000000000,n,,
1.594508000000000,W,,
1.594596000000000,B,,
1.594684000000000,Z,,
1.594772000000000,1,,
1.594861000000000,v,,
1.594949000000000,0,,
1.595037000000000,K,,
1.595125000000000,c,,
1.595213000000000,0,,
1.595301000000000,T,,
1.595390000000000,f,,
1.595478000000000,r,,
1.595566000000000,J,,
1.595654000000000,O,,
1.595742000000000,F,,
1.595830000000000,i,,
1.595918000000000,v,,
1.596007000000000,M,,
1.596095000000000,2,,
1.596183000000000,5,,
1.596271000000000,m,,
1.596359000000000,r,,
1.596447000000000,e,,
1.596536000000000,n,,
1.596624000000000,t,,
1.596712000000000,X,,
1.596800000000000,R,,
1.596888000000000,C,,
1.596976000000000,w,,
1.597064000000000,d,,
1.597153000000000,H,,
1.597241000000000,F,,
1.597329000000000,f,,
1.597417000000000,7,,
1.597505000000000,l,,
1.597593000000000,e,,
1.597682000000000,a,,
1.597770000000000,t,,
1.597858000000000,u,,
1.597946000000000,8,,
1.598034000000000,N,,
1.598122000000000,8,,
1.598211000000000,j,,
1.598299000000000,m,,
1.598387000000000,0,,
1.598475000000000,v,,
1.598563000000000,\r,,
1.598651000000000,\n,,
1.598739000000000,1,,
1.598828000000000,m,,
1.598916000000000,q,,
1.599004000000000,H,,
1.599092000000000,r,,
1.599180000000000,t,,
1.599268000000000,5,,
1.599357000000000,7,,
1.599445000000000,M,,
1.599533000000000,N,,
1.599621000000000,5,,
1.599709000000000,9,,
1.599797000000000,b,,
1.599885000000000,G,,
1.599974000000000,0,,
1.600062000000000,X,,
1.600150000000000,V,,
1.600238000000000,/,,
1.600326000000000,u,,
1.600414000000000,X,,
1.600503000000000,z,,
1.600591000000000,x,,
1.600679000000000,/,,
1.600767000000000,J,,
1.600855000000000,M,,
1.600943000000000,7,,
1.601032000000000,V,,
1.601120000000000,x,,
1.601208000000000,8,,
1.601296000000000,q,,
1.601384000000000,m,,
1.601472000000000,C,,
1.601560000000000,b,,
1.601649000000000,X,,
1.601737000000000,b,,
1.601825000000000,o,,
1.601913000000000,q,,
1.602001000000000,j,,
1.602089000000000,k,,
1.602178000000000,I,,
1.602266000000000,m,,
1.602354000000000,C,,
1.602442000000000,E,,
1.602530000000000,W,,
1.602618000000000,n,,
1.602706000000000,s,,
1.602795000000000,L,,
1.602883000000000,V,,
1.602971000000000,P,,
1.603059000000000,m,,
1.603147000000000,b,,
1.603235000000000,g,,
1.603324000000000,G,,
1.603412000000000,x,,
1.603500000000000,+,,
1.603588000000000,H,,
1.603676000000000,W,,
1.603764000000000,Z,,
1.603852000000000,x,,
1.603941000000000,b,,
1.604029000000000,W,,
1.604117000000000,3,,
1.604205000000000,g,,
1.604293000000000,x,,
1.604381000000000,s,,
1.604470000000000,0,,
1.604558000000000,N,,
1.604646000000000,X,,
1.604734000000000,j,,
1.604822000000000,b,,
1.604910000000000,z,,
1.604999000000000,/,,
1.605087000000000,F,,
1.605175000000000,m,,
1.605263000000000,b,,
1.605351000000000,w,,
1.605439000000000,\r,,
1.605527000000000,\n,,
1.605616000000000,6,,
1.605704000000000,s,,
1.605792000000000,L,,
1.605880000000000,z,,
1.605968000000000,u,,
1.606056000000000,N,,
1.606145000000000,r,,
1.606233000000000,H,,
1.606321000000000,L,,
1.606409000000000,H,,
1.606497000000000,/,,
1.606585000000000,t,,
1.606673000000000,V,,
1.606762000000000,O,,
1.606850000000000,j,,
1.606938000000000,i,,
1.607026000000000,1,,
1.607114000000000,K,,
1.607202000000000,E,,
1.607291000000000,2,,
1.607379000000000,M,,
1.607467000000000,u,,
1.607555000000000,8,,
1.607643000000000,6,,
1.607731000000000,d,,
1.607820000000000,T,,
1.607908000000000,V,,
1.607996000000000,W,,
1.608084000000000,V,,
1.608172000000000,i,,
1.608260000000000,W,,
1.608348000000000,M,,
1.608437000000000,l,,
1.608525000000000,x,,
1.608613000000000,P,,
1.608701000000000,i,,
1.608789000000000,G,,
1.608877000000000,Z,,
1.608966000000000,d,,
1.609054000000000,9,,
1.609142000000000,T,,
1.609230000000000,v,,
1.609318000000000,P,,
1.609406000000000,z,,
1.609494000000000,j,,
1.609583000000000,1,,
1.609671000000000,5,,
1.609759000000000,O,,
1.609847000000000,P,,
1.609935000000000,M,,
1.610023000000000,l,,
1.610112000000000,3,,
1.610200000000000,h,,
1.610288000000000,t,,
1.610376000000000,9,,
1.610464000000000,8,,
1.610552000000000,9,,
1.610641000000000,H,,
1.610729000000000,l,,
1.610817000000000,b,,
1.610905000000000,C,,
1.610993000000000,S,,
1.611081000000000,I,,
1.611169000000000,d,,
1.611258000000000,u,,
1.611346000000000,x,,
1.611434000000000,o,,
1.611522000000000,c,,
1.611610000000000,+,,
1.611698000000000,O,,
1.611787000000000,2,,
1.611875000000000,4,,
1.611963000000000,c,,
1.612051000000000,R,,
1.612139000000000,1,,
1.612227000000000,m,,
1.612315000000000,\r,,
1.612404000000000,\n,,
1.612492000000000,t,,
1.612580000000000,X,,
1.612668000000000,Z,,
1.612756000000000,c,,
1.612844000000000,h,,
1.612933000000000,e,,
1.613021000000000,D,,
1.613109000000000,o,,
1.613197000000000,1,,
1.613285000000000,L,,
1.613373000000000,u,,
1.613462000000000,f,,
1.613550000000000,P,,
1.613638000000000,n,,
1.613726000000000,7,,
1.613814000000000,s,,
1.613902000000000,g,,
1.613990000000000,1,,
1.614079000000000,k,,
1.614167000000000,R,,
1.614255000000000,R,,
1.614343000000000,i,,
1.614431000000000,b,,
1.614519000000000,m,,
1.614608000000000,L,,
1.614696000000000,1,,
1.614784000000000,h,,
1.614872000000000,z,,
1.614960000000000,p,,
1.615048000000000,2,,
1.615136000000000,8,,
1.615225000000000,K,,
1.615313000000000,Y,,
1.615401000000000,E,,
1.615489000000000,8,,
1.615577000000000,4,,
1.615665000000000,c,,
1.615754000000000,P,,
1.615842000000000,u,,
1.615930000000000,m,,
1.616018000000000,i,,
1.616106000000000,Z,,
1.616194000000000,k,,
1.616283000000000,g,,
1.616371000000000,x,,
1.616459000000000,W,,
1.616547000000000,P,,
1.616635000000000,P,,
1.616723000000000,f,,
1.616811000000000,u,,
1.616900000000000,m,,
1.616988000000000,I,,
1.617076000000000,e,,
1.617164000000000,S,,
1.617252000000000,G,,
1.617340000000000,4,,
1.617429000000000,C,,
1.617517000000000,l,,
1.617605000000000,V,,
1.617693000000000,B,,
1.617781000000000,X,,
1.617869000000000,N,,
1.617957000000000,2,,
1.618046000000000,c,,
1.618134000000000,n,,
1.618222000000000,X,,
1.618310000000000,U,,
1.618398000000000,L,,
1.618486000000000,M,,
1.618575000000000,O,,
1.618663000000000,e,,
1.618751000000000,I,,
1.618839000000000,q,,
1.618927000000000,9,,
1.619015000000000,6,,
1.619104000000000,J,,
1.619192000000000,\r,,
1.619280000000000,\n,,
1.619368000000000,3,,
1.619456000000000,w,,
1.619544000000000,B,,
1.619632000000000,z,,
1.619721000000000,B,,
1.619809000000000,K,,
1.619897000000000,5,,
1.619985000000000,C,,
1.620073000000000,V,,
1.620161000000000,c,,
1.620250000000000,B,,
1.620338000000000,V,,
1.620426000000000,q,,
1.620514000000000,A,,
1.620602000000000,q,,
1.620690000000000,4,,
1.620778000000000,C,,
1.620867000000000,l,,
1.620955000000000,V,,
1.621043000000000,B,,
1.621131000000000,C,,
1.621219000000000,h,,
1.621307000000000,b,,
1.621396000000000,l,,
1.621484000000000,l,,
1.621572000000000,j,,
1.621660000000000,U,,
1.621748000000000,A,,
1.621836000000000,m,,
1.621925000000000,G,,
1.622013000000000,O,,
1.622101000000000,2,,
1.622189000000000,7,,
1.622277000000000,2,,
1.622365000000000,i,,
1.622453000000000,5,,
1.622542000000000,S,,
1.622630000000000,s,,
1.622718000000000,U,,
1.622806000000000,1,,
1.622894000000000,K,,
1.622982000000000,D,,
1.623071000000000,u,,
1.623159000000000,y,,
1.623247000000000,N,,
1.623335000000000,T,,
1.623423000000000,C,,
1.623511000000000,/,,
1.623599000000000,t,,
1.623688000000000,B,,
1.623776000000000,H,,
1.623864000000000,A,,
1.623952000000000,n,,
1.624040000000000,K,,
1.624128000000000,J,,
1.624217000000000,2,,
1.624305000000000,N,,
1.624393000000000,B,,
1.624481000000000,b,,
1.624569000000000,L,,
1.624657000000000,U,,
1.624746000000000,g,,
1.624834000000000,S,,
1.624922000000000,4,,
1.625010000000000,6,,
1.625098000000000,m,,
1.625186000000000,z,,
1.625274000000000,b,,
1.625363000000000,2,,
1.625451000000000,l,,
1.625539000000000,L,,
1.625627000000000,1,,
1.625715000000000,5,,
1.625803000000000,5,,
1.625892000000000,/,,
1.625980000000000,N,,
1.626068000000000,\r,,
1.626156000000000,\n,,
1.626244000000000,9,,
1.626332000000000,Z,,
1.626420000000000,U,,
1.626509000000000,A,,
1.626597000000000,Z,,
1.626685000000000,H,,
1.626773000000000,L,,
1.626861000000000,g,,
1.626949000000000,u,,
1.627038000000000,9,,
1.627126000000000,F,,
1.627214000000000,t,,
1.627302000000000,l,,
1.627390000000000,a,,
1.627478000000000,o,,
1.627566000000000,r,,
1.627655000000000,U,,
1.627743000000000,G,,
1.627831000000000,K,,
1.627919000000000,a,,
1.628007000000000,F,,
1.628095000000000,7,,
1.628184000000000,5,,
1.628272000000000,4,,
1.628360000000000,Z,,
1.628448000000000,4,,
1.628536000000000,e,,
1.628624000000000,k,,
1.628713000000000,s,,
1.628801000000000,3,,
1.628889000000000,j,,
1.628977000000000,X,,
1.629065000000000,g,,
1.629153000000000,A,,
1.629241000000000,G,,
1.629330000000000,4,,
1.629418000000000,y,,
1.629506000000000,i,,
1.629594000000000,S,,
1.629682000000000,K,,
1.629770000000000,a,,
1.629859000000000,P,,
1.629947000000000,r,,
1.630035000000000,X,,
1.630123000000000,g,,
1.630211000000000,A,,
1.630299000000000,G,,
1.630387000000000,4,,
1.630476000000000,y,,
1.630564000000000,i,,
1.630652000000000,R,,
1.630740000000000,c,,
1.630828000000000,v,,
1.630916000000000,Y,,
1.631005000000000,9,,
1.631093000000000,i,,
1.631181000000000,V,,
1.631269000000000,l,,
1.631357000000000,B,,
1.631445000000000,W,,
1.631534000000000,4,,
1.631622000000000,q,,
1.631710000000000,4,,
1.631798000000000,W,,
1.631886000000000,K,,
1.631974000000000,V,,
1.632062000000000,Y,,
1.632151000000000,A,,
1.632239000000000,c,,
1.632327000000000,H,,
1.632415000000000,W,,
1.632503000000000,J,,
1.632591000000000,u,,
1.632680000000000,V,,
1.632768000000000,q,,
1.632856000000000,o,,
1.632944000000000,\r,,
1.633032000000000,\n,,
1.633120000000000,W,,
1.633208000000000,A,,
1.633297000000000,H,,
1.633385000000000,A,,
1.633473000000000,1,,
1.633561000000000,c,,
1.633649000000000,V,,
1.633737000000000,0,,
1.633826000000000,d,,
1.633914000000000,Z,,
1.634002000000000,1,,
1.634090000000000,v,,
1.634178000000000,z,,
1.634266000000000,W,,
1.634355000000000,K,,
1.634443000000000,A,,
1.634531000000000,O,,
1.634619000000000,U,,
1.634707000000000,C,,
1.634795000000000,7,,
1.634883000000000,u,,
1.634972000000000,u,,
1.635060000000000,O,,
1.635148000000000,T,,
1.635236000000000,5,,
1.635324000000000,X,,
1.635412000000000,N,,
1.635501000000000,9,,
1.635589000000000,M,,
1.635677000000000,Q,,
1.635765000000000,A,,
1.635853000000000,Z,,
1.635941000000000,t,,
1.636029000000000,F,,
1.636118000000000,x,,
1.636206000000000,9,,
1.636294000000000,b,,
1.636382000000000,P,,
1.636470000000000,4,,
1.636558000000000,1,,
1.636647000000000,T,,
1.636735000000000,/,,
1.636823000000000,O,,
1.636911000000000,U,,
1.636999000000000,A,,
1.637087000000000,A,,
1.637176000000000,A,,
1.637264000000000,A,,
1.637352000000000,A,,
1.637440000000000,A,,
1.637528000000000,A,,
1.637616000000000,A,,
1.637704000000000,A,,
1.637793000000000,A,,
1.637881000000000,A,,
1.637969000000000,A,,
1.638057000000000,A,,
1.638145000000000,A,,
1.638233000000000,A,,
1.638322000000000,A,,
1.638410000000000,A,,
1.638498000000000,A,,
1.638586000000000,A,,
1.638674000000000,A,,
1.638762000000000,A,,
1.638850000000000,A,,
1.638939000000000,A,,
1.639027000000000,A,,
1.639115000000000,A,,
1.639203000000000,A,,
1.639291000000000,A,,
1.639379000000000,A,,
1.639468000000000,A,,
1.639556000000000,A,,
1.639644000000000,A,,
1.639732000000000,A,,
1.639820000000000,\r,,
1.639908000000000,\n,,
1.639997000000000,A,,
1.640085000000000,A,,
1.640173000000000,A,,
1.640261000000000,A,,
1.640349000000000,A,,
1.640437000000000,A,,
1.640525000000000,A,,
1.640614000000000,A,,
1.640702000000000,A,,
1.640790000000000,A,,
1.640878000000000,A,,
1.640966000000000,A,,
1.641054000000000,A,,
1.641143000000000,A,,
1.641231000000000,A,,
1.641319000000000,A,,
1.641407000000000,A,,
1.641495000000000,A,,
1.641583000000000,A,,
1.641671000000000,A,,
1.641760000000000,A,,
1.641848000000000,A,,
1.641936000000000,A,,
1.642024000000000,A,,
1.642112000000000,A,,
1.642200000000000,A,,
1.642289000000000,A,,
1.642377000000000,A,,
1.642465000000000,A,,
1.642553000000000,A,,
1.642641000000000,A,,
1.642729000000000,A,,
1.642818000000000,A,,
1.642906000000000,A,,
1.642994000000000,A,,
1.643082000000000,A,,
1.643170000000000,A,,
1.643258000000000,A,,
1.643346000000000,A,,
1.643435000000000,A,,
1.643523000000000,A,,
1.643611000000000,A,,
1.643699000000000,A,,
1.643787000000000,A,,
1.643875000000000,A,,
1.643964000000000,A,,
1.644052000000000,A,,
1.644140000000000,A,,
1.644228000000000,A,,
1.644316000000000,A,,
1.644404000000000,A,,
1.644492000000000,A,,
1.644581000000000,A,,
1.644669000000000,A,,
1.644757000000000,A,,
1.644845000000000,A,,
1.644933000000000,A,,
1.645021000000000,A,,
1.645110000000000,A,,
1.645198000000000,A,,
1.645286000000000,A,,
1.645374000000000,A,,
1.645462000000000,A,,
1.645550000000000,A,,
1.645639000000000,A,,
1.645727000000000,A,,
1.645815000000000,A,,
1.645903000000000,A,,
1.645991000000000,A,,
1.646079000000000,A,,
1.646167000000000,A,,
1.646256000000000,A,,
1.646344000000000,A,,
1.646432000000000,A,,
1.646520000000000,A,,
1.646608000000000,A,,
1.646696000000000,\r,,
1.646785000000000,\n,,
1.646873000000000,A,,
1.646961000000000,A,,
1.647049000000000,A,,
1.647137000000000,A,,
1.647225000000000,A,,
1.647313000000000,A,,
1.647402000000000,A,,
1.647490000000000,A,,
1.647578000000000,A,,
1.647666000000000,A,,
1.647754000000000,A,,
1.647842000000000,A,,
1.647931000000000,A,,
1.648019000000000,A,,
1.648107000000000,A,,
1.648195000000000,A,,
1.648283000000000,A,,
1.648371000000000,A,,
1.648460000000000,A,,
1.648548000000000,A,,
1.648636000000000,A,,
1.648724000000000,A,,
1.648812000000000,A,,
1.648900000000000,A,,
1.648988000000000,A,,
1.649077000000000,A,,
1.649165000000000,A,,
1.649253000000000,A,,
1.649341000000000,A,,
1.649429000000000,A,,
1.649517000000000,A,,
1.649606000000000,A,,
1.649694000000000,A,,
1.649782000000000,I,,
1.649870000000000,B,,
1.649958000000000,q,,
1.650046000000000,8,,
1.650134000000000,/,,
1.650223000000000,/,,
1.650311000000000,7,,
1.650399000000000,8,,
1.650487000000000,A,,
1.650575000000000,e,,
1.650663000000000,W,,
1.650752000000000,X,,
1.650840000000000,M,,
1.650928000000000,f,,
1.651016000000000,w,,
1.651104000000000,u,,
1.651192000000000,Q,,
1.651281000000000,A,,
1.651369000000000,A,,
1.651457000000000,A,,
1.651545000000000,A,,
1.651633000000000,B,,
1.651721000000000,J,,
1.651809000000000,R,,
1.651898000000000,U,,
1.651986000000000,5,,
1.652074000000000,E,,
1.652162000000000,r,,
1.652250000000000,k,,
1.652338000000000,J,,
1.652427000000000,g,,
1.652515000000000,g,,
1.652603000000000,g,,
1.652691000000000,=,,
1.652779000000000,=,,
1.652867000000000,\r,,
1.652955000000000,\n,,
